讲座标题,报告人,时间,地点,大学,通知全文链接,通知发布时间,通知内容,报告人简介
The number of limit cycles of Josephson equation,刘长剑  教授,2023年5月4日（周四）上午 10：00 始,暨南大学番禺校区 教学楼 N421 ,暨南大学,https://xxxy.jnu.edu.cn/2023/0428/c27469a750965/page.htm,2023-04-28,"In this talk, we will study the Josephson equations，which can be transformed the following Lienard systems on the cylinder: x’(t)=y, y’(t)=-(sin x-a)-(b+c cos x)y. We concern the non-contractible limit cycles, which are the isolated 2\pi-periodic solutions y=y(x). This problem is equivalent to study the non-zero limit cycles of the following Abel equations y’(x)=（b+cos x）y^2-(sin x-a) y^3. By the theory of rotation vectors and studying the multiplicity of limit cycles, we will show that at most two non-zero limit cycles can appear. Our work can be also viewed as a step to solve the following open problem: Open problem: y’(x)=(a_0+a_1 sin x+a_2 cos x)y^3+(b_0+b_1 sin x+b_2 cos x)y^2 have at most three limit cycles (The trivial limit cycle y=0 is included). This is a joint work with Xiangqin Yu and Hebai Chen.","中山大学数学学院（珠海）教授。本、硕、博均毕业于北京大学，并获北京大学-里尔第一大学联合培养博士学位。主要从事常微分方程与动力系统方面的研究，在Trans. AMS, JDE, Nonlinearity 等杂志发表论文40余篇，主持多项国家自然科学基金面上项目。"
基于深度学习技术的数字病理切片分析,李灏峰  博士,2023年4月27日（周四）晚上 20：00 始,在线会议ID：475-528-441会议链接：https://meeting.tencent.com/dm/pXU0j628WgrJ ,暨南大学,https://xxxy.jnu.edu.cn/2023/0426/c27469a746099/page.htm,2023-04-26,随着深度神经网络模型在图像处理与识别领域得到广泛而成熟的应用，越来越多用于处理数字病理切片的深度学习方法被提出。本讲座将介绍数字病理切片的概念、获取、处理，染色归一化，基于非深度学习的传统图像处理算法，以及若干有代表性的基于深度神经网络的细胞分割分类模型。最后，本讲座介绍一个最新的标签高效式的细胞核分割框架，以及一种全新的基于结构嵌入的细胞分类模型。,"李灏峰博士，现于深圳市大数据研究院担任研究科学家，2015年于中山大学计算机系获理学学士学位，2020年于香港大学计算机系获博士学位。其研究方向包括医疗影像分析、脑核磁成像分析、组织病理学图像分析和计算机视觉等，在该方向著名期刊和会议发表论文十多篇，包括IEEE TMI, MedIA, MICCAI, ICCV, AAAI, ACM MM, IEEE TIP, IEEE TCyb, ISBI等。李灏峰博士是知名期刊和会议IEEE TPAMI, IEEE TIP, IEEE TCYB, Pattern Regconition, Neurocomputing, NeurIPS, MICCAI等的审稿人。他是IEEE电气电子工程师学会、中国计算机学会和广东省卫生信息网络协会病理数字化应用分会的会员，并被评为深圳市海外高层次人才。他目前作为项目负责人主持中国国家自然科学基金项目一项，和广东省基础与应用基础研究基金面上项目一项。他曾带领团队于2022年12月参加NeurIPS 全球细胞分割挑战赛并在一百多支参赛队伍中获得亚军。详见主页 http://haofengli.net/"
首先简要介绍 ChatGPT 的火爆出圈，然后从聊天机器人的演变以及我们的研究工作、ChatGPT的深入剖析、ChatGPT的优势与不足、 GPT4 的提升等四个方面介绍 ChatGPT的原理与技术，最后从行业分析、应用分析以及国内形势讨论 ChatGPT 带来的机会与挑战。 题目二：CTF那些事儿,李舟军  教授,2023年4月14日（周五）下午 15：00 始,石牌校区南海楼127室腾讯会议号：980-207-426 ,暨南大学,https://xxxy.jnu.edu.cn/2023/0413/c27469a743995/page.htm,2023-04-13,简要介绍了北航CTF战队Lancet主要成员编著的《CTF那些事儿》，包括CTF缘起与作用、本书的主要内容、章节及其写作特点，选择这本书作为网络安全入门和进阶的理由。 ,北京航空航天大学计算机学院教授，博士生导师，信息安全系主任，智能信息处理研究所副所长。国务院学位委员会首届网络空间安全学科评议组成员，中国网络空间安全协会常务理事，竞评演练工作委员会副主任委员、中国人工智能学会语言智能专委会副主任委员。长期从事自然语言处理与人工智能、网络与信息安全等领域的研究工作，在包括TKDE等SCI期刊和AAAI、IJCAI、ACL、KDD、SIGIR、CCS等顶级国际会议上发表400余学术论文，并获ECIR 2010 最佳论文奖（The Best Paper Award）。先后获国内计算机软件界具重要影响的“中创软件人才奖”、军队院校育才银奖、全国优秀博士学位论文提名、吴文俊人工智能科学技术奖科技进步一等奖等奖项。 
从信息隐藏到功能隐藏,张新鹏  教授,2023年4月17日（周一）下午 13：30 始,番禺校区实验楼D1-401腾讯会议号： 918-974-823  ,暨南大学,https://xxxy.jnu.edu.cn/2023/0412/c27469a743879/page.htm,2023-04-13,数字隐写（信息隐藏）在近30年间发展迅速，我们将在该报告中探讨深度学习兴起后信息隐藏的新发展，包括从传统的修改式隐写到图像、文本、图文互鉴的构造式/生成式隐写，也包括从数据隐藏到网络、驱动和功能的隐藏，成为支撑网络隐蔽空间的重要内容。,国家杰出青年科学基金获得者，二级教授。入选上海市优秀学术带头人、上海市曙光人才计划、上海市“东方学者”跟踪计划、上海市浦江人才计划、上海市“青年科技启明星”跟踪计划。曾赴美国纽约州立大学宾汉顿分校访问一年，受德国洪堡基金会资助作为资深研究员赴德国康斯坦茨大学访问14 个月。主持国家自然科学基金重点项目、国家863计划等科研项目40余项。发表论文300余篇，被引16000余次，2014年—2022年连续九年入选“爱思唯尔”中国高被引学者榜单，2020年入选“科睿唯安”全球高被引科学家，2021年入选全球前2%顶尖科学家榜单。申请发明专利30余项，授权近20项。获上海市自然科学奖二等奖、中国电子学会自然科学奖二等奖、安徽省自然科学奖一等奖、国家级教学成果二等奖。担任 IEEE Trans. on Information Forensics and Security （IEEE T-IFS）等国际学术期刊的 Associate Editor、ACM IH&MMSec 和IEEE WIFS等国际学术会议的主席。主持人：夏志华  教授
锡基钙钛矿太阳能电池的制备及光电性能研究,王恬悦  博士  香港理工大学应用物理系,2023年4月11日（周二）下午 16：30 始,番禺校区二期23栋2楼会议室 ,暨南大学,https://xxxy.jnu.edu.cn/2023/0410/c27469a743155/page.htm,2023-04-10,"有机-无机杂化钙钛矿材料因其卓越的光学和电学特性成为太阳能电池的理想选择。目前钙钛矿太阳能电池的效率高达 25.7%，成为新一代极具前景的光伏技术。然而，在钙钛矿材料中使用铅会对人类健康和环境构成风险，从而阻碍其商业化。锡基钙钛矿因其低毒、环保的特点被认为是铅基钙钛矿最有前途的替代品，但由于二价锡的氧化以及钙钛矿结晶速度快等问题，其发展面临着诸多问题。本报告将分享三种提高锡基钙钛矿太阳能电池稳定性和效率的新方法。首先，我们在锡钙钛矿中同时引入了有抗氧化特性的氯化亚锡(SnCl2)和没食子酸（GA) 添加剂。SnCl2会和GA相互作用生成非晶络合物，在钙钛矿晶粒周围形成包裹层，从而抑制钙钛矿薄膜中的Sn2+氧化和降低缺陷密度。其次，我们发现使用液相剥离的二维过渡金属二硫化物作为钙钛矿薄膜与空穴传输层的中间层可以改善钙钛矿的结晶质量与界面特性。最后，我们将有机阳离子苯乙基铵 (PEA) 掺到锡钙钛矿中，通过真空处理的方法，制备出上下分层的三维-准二维钙钛矿异质结结构。并通过加硫氰酸胍添加剂调控异质结的特性。这个策略能将器件的开路电压提高到1V左右。我们的策略为提高锡基钙钛矿电池的效率和稳定性提供了一些可行的方法,使其更有商业化前景。","王恬悦在获得华北电力大学学士和硕士学位后，于2021年获得香港理工大学博士学位，其后在香港理工大学从事博士后研究。她主要从事高效、稳定、无铅钙钛矿太阳能电池的研究，以第一作者身份在Advanced Energy Materials, ACS Energy Letters, Advanced Science等国际著名期刊上发表多篇SCI论文。主持人：麦耀华  教授"
Random partition meets mirror symmetry: the power of thermodynamic limit,李晓斌   副研究员（西南交通大学）,2023年4月12日（周三）下午 15：00 始,暨南大学石牌校区教学楼A513 ,暨南大学,https://xxxy.jnu.edu.cn/2023/0331/c27469a741913/page.htm,2023-03-31,"What is mirror symmetry? Mirror symmetry is a relation between generating function of Gromov-Witten invariants (A-model) and period integrals (B-model). From viewpoint of gauge theory and instanton counting, it is a duality between Nekrasov partition function and Seiberg-Witten prepotential. In this talk, I will discuss new dualities appearing in 5d N = 1 Sp(N) gauge theory with N_f (≤2N + 3) flavors and explain the computations about Nekrasov partition function based on topological vertex algorithm of 5-brane web with O5-plane which corresponds to Sp(N) geometry. With the help of random partition technique, Nekrasov partition function can be rewritten in terms of profile function, after taking thermodynamic limit and functional derivatives, the saddle point equation can be derived for the profile function. By introducing the resolvent, the corresponding Seiberg-Witten geometry and boundary conditions are derived and the relations with the prepotential in terms of the cycle integrals are discussed. They coincide with those directly obtained from the dual graph of the 5-brane web with O5-plane. This agreement gives further evidence for mirror symmetry which relates Nekrasov partition function with Seiberg-Witten curve in the case with orientifold plane. This is joint work with Futoshi Yagi.",李晓斌博士毕业于四川大学，现任教于西南交通大学数学学院。主要研究整体微分几何中与轨道流形相关的拓扑不变量（如Gromov-Witten不变量等），这是代数几何、辛拓扑与数学物理的交叉。主要研究基于Gromov-Witten不变量的Ruan猜想（又称爬行变换猜想，英文名为Crepant Transformation Conjecture）及广义Nekrasov猜想，其研究工作得到了国家自然科学基金委及国家留学基金委的资助。李晓斌博士在国内外多个研究机构访问研究，协助组织过多个学术活动。他为MathSciNet及Zbmath撰写了70余个具有学科介绍性的数学评论，给读者们一个清晰的整体图形。
康复机器人研究及其展望,刘震  教授,2023年3月29日（周三）上午 10：00 始,番禺校区实验楼D1-401 ,暨南大学,https://xxxy.jnu.edu.cn/2023/0328/c27469a741305/page.htm,2023-03-28,回顾机器人的研究历史，介绍康复机器人的研究现状以及康复机器人的关键技术，展望康复机器人研究的前景。,现任长崎综合科学大学研究生院工学研究科电子信息学专业教授，博士生导师。日本国立东北大学信息科学博士。日本工程院外籍院士。曾任吉林工业大学计算机科学与工程系助教、讲师、副教授。1998年4月至2000年3月，任日本国立东北大学工学部助教，2000年4月至2005年11月任长崎综合科学大学副教授，2005年12月升任教授。四川大学等大学客座教授，吉林大学唐敖庆讲座教授。国务院侨办专家咨询委员，中国科协海智计划特聘专家。主要研究领域包括大数据与数据挖掘、福祉工程等。
时空数据中事件的识别与理解,巩志国  教授,2023年3月23日（周四）下午 14：00 始,富力教学楼205室 ,暨南大学,https://xxxy.jnu.edu.cn/2023/0322/c27469a740343/page.htm,2023-03-22,"智能手机以及各式各样传感器的普及应用产生了丰富的时空大数据，这些数据中蕴含了大量城市中发生的事件。如何挖掘这些事件对智慧城市应用具有重要意义。据最近的统计，社交媒体系统的用户数目高达 ：Facebook 2,700,000,000, Twitter 330,000,000, Flickr 112,000,000, Foursquare 191,000,000, WeChat 1,170,000,000, Sina Weibo 523,000,000. 社交媒体数据的共同特性是，除了包含文本/图像/视频等类型的语义信息，并且含有其产生的时间以及地点等内容。这种丰富的数据结构记录了用户参加各式活动的内容，以及时间和地点。可以看作用户的社交‘脚印’。海量的媒体数据为数据挖掘技术提供了丰富数据资源。本讲座是基于我们近几年对社交媒体事件识别的研究工作。通过介绍社交媒体的数据基本特性，提出了事件在时序，地理，文本联合空间中的产生式模型，并给出基于数据流的事件识别算法。进一步，我们给出了事件的动态层次模型以及时序关联模型。该模型将事件的识别与理解封装在一起。","现为澳门大学智慧城市物联网国家重点实验室教授以及计算机与信息科学系教授、系主任。1998年在中国科学院获得博士学位。现阶段主要从事机器学习与数据挖掘研究工作。其主要成果发表在SIGIR, CIKM, IJCAI, ICDE, VLDB, SIGMOD，KDD, AAAI, TODS, TIST,TKDE,， TKDD，VLDBJ等国际会议与期刊上。为IEEE/WIC/ACM WI/IAT 2012, WAIM2014,以及 Apweb-WAIM2018大会主席，ICDE2019与IJCAI2019地方主席，PAKDD2019, IEEE ICBK2021程序委员会主席。任期刊World Wide Web Journal, Distributed and Parallel Databases, International Journal of Wavelets, Multiresolution and Information Processing的编委。主持人：官全龙  方良达"
High-dimensional Data Recovery,Michael Ng (吴国宝)  教授,2023年3月16日（周四）上午 9：30 始,暨南大学石牌校区南海楼338室 ,暨南大学,https://xxxy.jnu.edu.cn/2023/0314/c27469a739049/page.htm,2023-03-14,"In this talk, we share some results about high-dimensional data recovery (e.g., in cold-start recommendation, image inpainting, phase retrieval, one-but quantization). Both theoretical and numerical results are reported.","Michael Ng (SIAM Fellow, AAIA Fellow) is a Chair Professor at the Department of Mathematics, University of Hong Kong, and an Associate Director of HKU Institute of Data Science. His research interests include bioinformatics, image processing, scientific computing, and data mining. He is selected for the 2017 Class of Fellows of the Society for Industrial and Applied Mathematics. He obtained the Feng Kang Prize for his significant contributions in scientific computing. He serves on the Editorial Board members of several international journals. (https://hkumath.hku.hk/~mng/)"
Role of of white-tailed  deer in geographic spread of blacklegged  tick: a spatially nonlocal model and its analysis,邹幸福,2022年12月22日（周四）上午 9：00 始,腾讯会议ID：954-544-985 ,暨南大学,https://xxxy.jnu.edu.cn/2022/1212/c27469a732497/page.htm,2022-12-12,"Lyme disease is transmitted via blacklegged ticks, the spatial spread of which is believed to be primarily via transport on white-tailed deer. In this paper, we develop a mathematical model to describe the spatial spread of blacklegged ticks due to deer dispersal. The model turns out to be a system of differential equations with a spatially non-local term accounting for the phenomenon that a questing female adult tick that attaches to a deer at one location may later drop to the ground, fully fed, at another location having been transported by the deer. We first justify the well-posedness of the model and  analyze the stability of its steady states. We then explore the existence of traveling wave fronts connecting the extinction equilibrium with the positive equilibrium for the system.  We derive an algebraic equation that determines a critical value c*  which is then proved to be  (i)  the minimal speed of traveling wave fronts in the sense that for  c > c*, there is a traveling wave front of speed c connecting the extinction steady state to the positive steady state; and for c<c*, there is no such traveling wave front; and (ii) the actually spread speed when initial distribution has compact support.  We also carry out some numerical simulations for the original spatial model system and the results  confirm the role  of c^* described above.  We also  numerically explore the dependence of c^* on the dispersion rate of the white tailed deer, by which one may evaluate the role of the deer's dispersion in the geographical spread of the ticks.",邹幸福教授分别在中山大学、湖南大学和加拿大York University获得学士、硕士和博士学位，并在加拿大University of Victoria和美国Georgia Institute of Technology 从事过博士后研究工作。曾任教于加拿大Memorial University of Newfoundland，现为加拿大University of Western Ontario数学系教授。研究兴趣为微分方程和动力系统的理论及应用，特别是反应扩散方程、常泛函微分方程及偏泛函微分方程及其在生物领域的应用。 
三维交互的几何表征计算与学习,胡瑞珍,2022年12月7日(周三) 晚上19：00 始,腾讯在线会议ID：527-867-920点击链接入会，或添加至会议列表：https://meeting.tencent.com/dm/d9GuHEwimrNk ,暨南大学,https://xxxy.jnu.edu.cn/2022/1206/c27469a731541/page.htm,2022-12-06,人类智能是在和环境交互中进化的，因此对三维交互进行有效表达、分析和处理是实现类人智能的关键。本报告将从三维场景生成任务出发，介绍从传统的基于几何计算的显式表征设计到基于深度学习的隐式表征学习方法的演变，并在基于几何的交互表征的基础上进行的系列交互分析和生成工作，引导了复杂交互的定位与生成，规划了动态交互的执行过程，实现了对三维交互的高层次理解和优化。,深圳大学长聘副教授，博士生导师。研究方向为计算机图形学，长期从事智能几何建模与处理方面的研究，发表ACM SIGGRAPH/TOG和IEEE TVCG论文二十余篇；获广东省杰出青年项目、深圳市优青项目资助，入选中科协青年人才托举工程；曾荣获亚洲图形学协会青年学者奖、几何设计与计算青年学者奖、时谛智能CAD&CG青年学者奖；担任SCI期刊IEEE CG&A和The Visual Computer编委；担任国际会议CVM 2023和SMI 2020程序委员会共同主席，连续多年担任SIGGRAPH等大会程序委员会委员；担任中国计算机学会计算机辅助设计与图形学专委会副秘书长、计算机图形学与混合现实在线平台(GAMES)线上活动运营负责人。
Privacy-preserving Data Sharing against Malicious Attacks,沈鸿,2022年11月29日（周二）下午 15：00 始,腾讯会议ID：570-437-000点击链接入会，或添加至会议列表：https://meeting.tencent.com/dm/Wtsj8HWzkLnR ,暨南大学,https://xxxy.jnu.edu.cn/2022/1127/c27469a730395/page.htm,2022-11-27,"Recent years have seen a remarkable development of privacy-preserving computing (PPC) as an effective way to achieve secure distributed computing and information sharing across a public network that are of critical importance for network-centric computation and big data analytics. Recent advancement in cloud data sharing techniques has made traditional PPC techniques unable to effectively against emerging malicious attacks such as shilling, collusion and inference attacks. In the first part of this talk, I will first introduce the problem of privacy-preserving computing, its research challenges in cloud big data computing, then give a taxonomy on data protection techniques categorized on the security levels of data publishing, with the focus on differential privacy as an effective method to combat inference attacks, and provide an overview on our contributions in privacy-preserving computing. In the second part, to show the power of differential privacy for secure data sharing, I will give two examples of our work of applying differential privacy to achieve privacy-preserving recommendation and data clustering against inference attacks. As concluding remarks, I will further illustrate the application of differential privacy in obtaining privacy-preserving solutions for some statistical and combinatorial optimization problems.","Dr. Hong Shen is a specially-appointed Professor in Sun Yat-sen University where he was the foundation Director of Institute for Advanced Computing. With main research interests in parallel and distributed computing, privacy preserving computing, optimization algorithms, wireless and optical networks, data mining, he has led numerous research centers and projects in different countries. He has published 400+ papers including over 100 papers in major international journals such as a variety of IEEE and ACM transactions. Prof. Shen has received many honours and awards including China National Endowed Expert, Chinese Academy of Sciences “Hundred Talents”, Ministry of Education Science and Technology Progress Award, and Chinese Academy of Sciences Natural Sciences Award. He has served on the editorial boards of numerous journals and chaired many conferences."
Stability of nonlinear waves for 1-d compressible Navier-Stokes equations with relaxation,胡玉玺,2022年11月25日（周五）上午 10：00 始,腾讯会议ID：421-210-699 ,暨南大学,https://xxxy.jnu.edu.cn/2022/1122/c27469a729419/page.htm,2022-11-22,"In this talk, i will present our recent work on stability of two nonlinear waves (Shock wave and Rarefaction wave) for 1-d isentropic gas dynamic system with stress tensor given by Maxwell's law. We show the linear stability of viscous shock wave  and nonlinear stability of Rarefaction wave, respectively, for the relaxed system. Energey  and anti-derivative methods are explored.","中国矿业大学（北京）副教授，博士生导师，2011年在德国Konstanz大学获得硕士学位，导师为Reinhard Racke教授，2013年在上海交通大学获博士学位，导师为李亚纯教授，2015年博士后出站，合作导师为江松院士。主要从事非线性偏微分方程的适定性以及奇异极限问题的研究，已发表SCI论文20余篇，包括JDE, JMP, QAM等国际知名杂志。主持国家自然科学基金青年项目一项，北京市自然科学基金青年项目一项。"
Sparse Machine Learning in a Reproducing Kernel Banach Space,许跃生,2022年11月14日（周一）上午9：00 - 10：00,Zoom在线会议ID：922 6563 2645   密码：594034 ,暨南大学,https://xxxy.jnu.edu.cn/2022/1108/c27469a726407/page.htm,2022-11-08,"The aim of this talk is to explain to graduate students and beginning researchers in the field of mathematics, statistics and engineering the fundamental concept of sparse machine learning in Banach spaces. We will use binary classification as an example to explain the essence of machine learning in a reproducing kernel Hilbert space and sparse learning in a reproducing kernel Banach space (RKBS). We then utilize the Banach space l1(N) to illustrate the basic concepts of the RKBS in an elementary yet rigorous fashion. This talk will review existing results in the author's perspectives to reflect the state of the art of the field of sparse learning.",美国欧道明大学数学与统计学系教授、美国雪城大学荣休教授、曾任中山大学国华讲席教授，德国洪堡学者。在小波分析、函数逼近、积分方程数值解、信号与图像处理、机器学习等方面做出多项原创贡献。多次主持美国国家基金项目。1999至2011年担任美国Springer出版社学术期刊Advances in Computational Mathematics执行主编。曾任中国计算数学学会副理事长。
Introduction to K-theory and index theory,Wang Bai-Ling  （澳大利亚国立大学）,（1） 2022年11月 8日（周二）上午11:00-12:00（2） 2022年11月 8日（周二）下午16:00-17:00（3） 2022年11月10日（周四）上午11:00-12:00（4） 2022年11月10日（周四）下午16:00-17:00（5） 2022年11月15日（周二）上午11:00-12:00（6） 2022年11月15日（周二）下午16:00-17:00（7） 2022年11月17日（周四）上午11:00-12:00（8） 2022年11月17日（周四）下午16:00-17:00（9） 2022年11月22日（周二）上午11:00-12:00（10） 2022年11月22日（周二）下午16:00-17:00（11） 2022年11月 24日（周四） 上午11:00-12:00（12） 2022年11月 24日（周四） 下午16:00-17:00（13） 2022年11月 29日（周二） 上午11:00-12:00（14） 2022年11月 29日（周二） 下午16:00-17:00（15） 2022年12月 1日（周四） 上午11:00-12:00（16） 2022年12月 1日（周四） 下午16:00-17:00（17） 2022年12月6日（周二）上午11:00-12:00（18） 2022年12月6日（周二）下午16:00-17:00（19） 2022年12月8日（周四）上午11:00-12:00（20） 2022年12月8日（周四）下午16:00-17:00,腾讯在线会议  周二会议 ID：835-6586-8538  周四会议 ID：621-5813-7506  会议密码：202211 ,暨南大学,https://xxxy.jnu.edu.cn/2022/1101/c27469a724881/page.htm,2022-11-01,"Vector bundles and sections of vector bundles play important roles in many areas of mathematics and physics. Motivated by ideas from Grothendieck, Atiyah-Hirzebruch introduced topological K-theory which is a generalized cohomology theory (more natural and powerful than the ordinary cohomology theory). It was applied in the fifirst proof of Atiyah-Singer index theorem for elliptic operators in 1960s. Due to its appearance in quantum fifield theory and string theory, there has been renewed interest in K-theory and various generalizations. In this course, we will give a brief introduction to topological K-theory and study some of its classic applications, including the fifirst proof Atiyah-Singer index theorem.",Bai-Ling Wang 教授现任职于澳大利亚国立大学数学研究所，长期从事规范场论、K理论、指标理论、辛几何及数学物理的研究，是该领域国际著名的学者。他研究的课题涉及：（1）奇异空间的微分几何与拓扑，包括局部指标理论和高阶指标理论，量子 K-理论等；（2）数学物理中拓扑和微分量子场论、开弦的 D-膜理论等；（3）等变Gromov-Witten理论等。他曾在《Advances in Mathematics》、《Transactions of the AMS》、《Communications in Mathematical Physics》、《Journal of Differential Geometry》等一流数学期刊上发表论文多篇。他曾连续多年在澳国立大学讲授K-理论、指标理论、辛几何、Yang-Mills规范理论等高等研究课程，深受学生欢迎。
具有小分包数目的高码率MDS存储编码的修复,唐小虎,2022年10月25日(周二) 下午 14：30 始,腾讯在线会议263-294-307 ,暨南大学,https://xxxy.jnu.edu.cn/2022/1021/c27469a723223/page.htm,2022-10-21,本报告中，针对分布式存储系统，我们介绍一类重要的存储编码—具有小分包数目的高码率MDS编码。首先我们回顾分布式存储系统中节点修复问题，介绍再生码的概念，其次我们给出具有最优修复性质的高码率MDS编码一个构造框架，最后为了降低分包数目我们牺牲一点修复带宽提出一个具有较好修复性质的高码率MDS编码一般性构造方法。,西南交通大学教授，博士生导师。获批全国百篇优秀博士学位论文、国家杰出青年基金等。近年来，获得教育部自然科学二等奖，主持自然科学基金重点、教育部重大项目等多项国家级省部级科研项目，在国际重要学术期刊发表论文SCI检索论文100余篇，其中包括信息领域国际旗舰期刊IEEE Transactions on Information Theory论文50余篇。在编码领域做出基础系统性工作：开创了低/零相关区序列设计新领域，是低/零相关区序列概念的提出者之一，建立了整体性理论，以其姓氏命名的理论界是判别该类序列优劣的国际通用准则，目前低/零相关区序列已被纳入全球LTE标准；突破Z4 序列设计的单向性，新构造出7 类最佳序列集，占目前已知最佳Z4 序列集7/10，打破其研究10 余年来停滞的局面；解决了分布式存储系统MDS编码校验节不能最佳修复的难题，给出了多类性能优异的分布式存储编码，相关成果被华为公司评价为“技术上全球领先”。
顾申申,刘洋,2022年10月18日(周二)  晚上 19：30 始,腾讯在线会议，会议ID：498660809 ,暨南大学,https://xxxy.jnu.edu.cn/2022/1014/c27469a722283/page.htm,2022-10-14,教授，博士生导师。2009年从香港中文大学自动化与计算机辅助工程专业毕业并获得博士（Ph.D.）学位。其后，他加入上海大学机电工程与自动化学院，现为自动化系副系主任。先后主持教育部博士学科点专项科研基金、国家自然科学基金青年项目和国家自然科学基金面上项目等科研项目以及教育部产学合作协同育人项目、上海市留学生全英语示范课程等教改项目。目前已在《Automatica》、《Neurocomputing》等国际学术期刊和国际学术会议上发表SCI/EI论文30余篇，指导研究生30余人。 题目二：逻辑控制网络的相关分析与控制问题,浙江师范大学教授、博士生导师，入选2019-2021科睿唯安全球高被引科学家、2020-2021爱思唯尔中国高被引学者、浙江省“三育人”岗位建功先进个人、浙江省优秀教师、浙江省青年英才计划、浙江省高校领军人才计划第一层次。获浙江省杰出青年基金，获浙江省自然科学奖、上海市优秀博士学位论文奖、中国科学热点论文奖。指导学生获2016和2022年世界华人数学家大会最佳论文奖。近年已经在SIAM J、Automatica、IEEE汇刊、中国科学发表论文60余篇，出版专著2部。主持国家自然科学基金4项，省部级项目7项。 
"Open Source Security: Challenges, Solutions, and Opportunities",刘杨,2022年10月27日(周四) 下午 15：00 始,腾讯在线会议204 257 863 ,暨南大学,https://xxxy.jnu.edu.cn/2022/1011/c27469a721725/page.htm,2022-10-11,"Open-source software (OSS) has become increasingly popular in software development to simplify and shorten the developing cycle. Unfortunately, the reuse of OSS also brings security risks that OSS vulnerabilities could be excessively amplified. Recently, the frequent outbreaks of OSS vulnerabilities, e.g., Log4Shell and Spring4Shell vulnerabilities, and supply chain attacks, have also proved the urgency of securing OSS or the bigger scope of the OSS supply chain. Therefore, identifying, managing, remediating, and governing the potential risks throughout the OSS supply chain is promptly required to be further investigated.In this talk, we will discuss the rigorous situation of the vulnerable software supply chain, as well as the challenges we are facing to secure the OSS environment. We will also show our recent efforts and solutions in securing the OSS supply chain, including our techniques on software component analysis (SCA), OSS supply chain analysis, license-related risk management, artificial intelligence-based security vulnerability analysis, and our larger scope of governing OSS with health profiles for both open-source software, as well as corresponding development teams. We also highlight the potential opportunities of OSS security and call for research in this direction.","新加坡南洋理工大学（NTU）计算机学院教授，NTU网络安全实验室主任、HP-NTU公司实验室项目主任以及新加坡国家卓越卫星中心副主任，并于2019年荣获大学领袖论坛讲席教授。刘杨博士专攻软件验证，软件安全和软件工程，其研究填补了形式化方法和程序分析中理论和实际应用之间的空白，评估了软件的设计与实现以确保高安全性。到目前为止，他已经在顶级会议和顶级期刊上发表了超过400篇文章。他还获得多项著名奖项，包括MSRA fellowship，TRF Fellowship, 南洋助理教授，Tan Chin Tuan Fellowship，Nanyang Research Award 2019，NRF Investigatorship 2020，并且在ASE、FSE、ICSE等顶级软件工程会议上获得20项最佳论文奖以及最具影响力软件奖。"
自然语言处理研究现状与展望,权小军,2022年10月13日(周四)  下午 14：00 始,腾讯在线会议，会议号：593 882 878 ,暨南大学,https://xxxy.jnu.edu.cn/2022/1010/c27469a721539/page.htm,2022-10-10,自然语言处理（NLP）是计算机科学和人工智能领域的一个重要的分支，主要研究人与计算机之间使用自然语言进行有效通信的理论和方法，从而实现自然语言理解和自然语言生成，在机器翻译、搜索引擎、新闻推荐等场景应用广泛。本报告将介绍自然语言处理研究现状与展望。,中山大学计算机学院教授、博士生导师。中国计算机学会高级会员、自然语言处理专委会委员，中国中文信息学会情感计算专委会委员。先后于中国科学技术大学计算机系、香港城市大学计算机系、罗格斯大学商学院、普渡大学计算机系、香港城市大学翻译及语言学系、新加坡科技研究局资讯通信研究院从事自然语言处理和机器学习研究工作，在国际知名期刊如IEEE T-PAMI，ACM TOIS，Information Sciences和会议如ACL，WWW，SIGIR，IJCAI，EMNLP等发表论文60余篇。曾就职于新加坡科技研究局资讯通信研究院，任研究科学家，领导或参与了同中国平安、新加坡星展银行（DBS）、联想（新加坡）及渣打银行的合作项目。
Some elliptic regularity problems on non-smooth spaces,张会春,2022年9月19日(周一)  下午 16：00 始,南海楼224会议室 ,暨南大学,https://xxxy.jnu.edu.cn/2022/0915/c27469a717819/page.htm,2022-09-15,"In this talk, we will introduce some regularity results for on non-smooth  metric spaces, including the harmonic functions, harmonic maps, and free boundary problems on metric spaces with Ricci curvature bounded from below. This is based on some works with Prof. Xi-Ping Zhu and Chung-Kwong Chan.",中山大学数学学院教授，博士生导师。主要研究领域是非光滑空间上的几何分析，在JDG，Invent. Math. CVPDE等国际主流数学刊物上发表了论文十多篇。2020年获国家基金委杰出青年基金支持。
Shuai Li,Zhan Li,2022年6月30日(周四) 晚上20：00 始,腾讯在线会议ID：718-113-164 ,暨南大学,https://xxxy.jnu.edu.cn/2022/0624/c27469a707209/page.htm,2022-06-24,"Shuai Li is presently an associate professor (reader) with College of Engineering, Swansea University, UK. His main research is on control and optimization, with their applications to robotics and machine learning. 题目二：Task-constrained and fault-tolerant motion planning and control for robotic manipulators","Dr. Zhan Li is currently a Senior Lecturer at Swansea University, UK. He received his Ph.D. degree in rehabilitation robotics from University of Montpellier and LIRMM/INRIA, France. Dr Zhan Li' main interests include AI, robotics, intelligent control and rehabilitation engineering. He is an Editorial Board Member of PLOS One, the Guest Editor of Frontiers in Neurorobotics, Frontiers in Neuroscience and Journal of Healthcare Engineering, and serves as IEEE RAS Technical Committee Member on Collaborative Automation for Flexible Manufacturing. "
手康复机器人研究进展,程龙,2022年6月28日(周二) 上午 10：00 始,腾讯在线会议ID：917252679会议链接：https://meeting.tencent.com/dm/6SDRDMr9kS6b ,暨南大学,https://xxxy.jnu.edu.cn/2022/0617/c27469a705975/page.htm,2022-06-17,"主要介绍面向手功能康复机器人的研究背景和研究现状。结合课题组已开展的部分工作,介绍手部康复机器人的具体需求，以及在手部机器人系统设计、传感器设计、主被动控制方法等方面开展的工作。",中国科学院自动化研究所研究员，博士生导师，中国科学院大学岗位教授。目前担任《IEEE Transactions on Cybernetics》、《中国科学技术科学》、《自动化学报》、《机器人》等国内外刊物的编委。入选国家杰出青年基金项目、国家优秀青年基金项目、北京市杰出青年基金等。获得2017年度国家自然科学二等奖，北京市科学技术一等奖，中国自动化学会自然科学一等奖等科技奖励。程龙博士的研究兴趣包括机器人与智能控制。
非线性二次模型解唯一性与最佳逼近,许志强,2022年6月10日(周五) 上午 10：00 - 11：30,腾讯在线会议 ID：194-857-192 ,暨南大学,https://xxxy.jnu.edu.cn/2022/0607/c27469a703773/page.htm,2022-06-07,线性方程组及线性最小二乘是数学中经典研究问题。对线性模型的研究，产生了大量经典的数学理论。当前，另一类非线性二次模型在多个不同领域中都会遇到，如：相位恢复、量子信息、机器学习等。针对这类非线性二次模型，人们发展了多种求解算法，但对其解的唯一性、稳定性等知之甚少。我们采用经典逼近论中的最佳逼近对该模型的唯一性进行了研究，对该模型解的唯一性等做了较为彻底的刻画。并进一步介绍了该模型解的唯一性与矩阵恢复、代数簇、空间嵌入等领域的关联。这些结果也揭示了不同数学领域之间的内在关联。,"中国科学院数学与系统科学研究院研究员，冯康首席研究员。研究领域包括逼近论、计算调和分析、离散数学等，尤其对采样理论，压缩感知，球面布点以及相位恢复等领域感兴趣。一方面，他将纯粹数学中的研究方法引入到计算调和分析，系统发展了相位恢复的代数簇方法，从而对一些困难问题得到实质性进展；另一方面，将逼近论中样条函数和代数理论相结，从而解决了多个猜想和公开问题。2020年获得国家杰出青年基金资助。 现担任《IEEE Trans. Information Theory》,  《J. Comp Math.》, 《Numerical Mathematics: Theory, Methods and Applications》 等三个国际期刊编委。"
Recent Advances in Non-Orthogonal Multiple Access in 6G Wireless Networks,"Prof. Zhiguo Ding, IEEE Fellow, The University of Manchester, UK",2022年6月8日(周三) 下午15：30 - 16：30,腾讯在线会议 ID：553-909-120 ,暨南大学,https://xxxy.jnu.edu.cn/2022/0601/c27469a702837/page.htm,2022-06-01,"With the current rollout of 5G, the focus of the research community is shifting towards the design of the next generation of mobile systems, e.g., 6G mobile networks. Non-orthogonal multiple access (NOMA) has been recongized as an essential enabling technology for the forthcoming 6G networks to meet the heterogeneous demands on low latency, high reliability, massive connectivity, improved fairness, and high throughput. The principle of NOMA is to encourage users for spectrum sharing, where multiple users are served in the same resource block, such as a time slot, subcarrier, or spreading code. The aim of this talk is to provide an overview of the latest research results and innovations in NOMA technologies as well as their emerging applications, including terahertz (THz) communications, backscatter communications (BackCom), intelligent reflecting surfaces (IRS), mobile edge computing (MEC), etc. Future research challenges regarding NOMA in B5G and 6G are also presented.","Zhiguo Ding (S’03-M’05-F’20) received his B.Eng from the Beijing University of Posts and Telecom- munications in 2000, and the Ph.D degree from Imperial College London in 2005. From Jul. 2005 to Apr. 2018, he was working in Queen’s University Belfast, Imperial College, Newcastle University and Lancaster University. Since Apr. 2018, he has been with the University of Manchester as a Professor in Communications. From Oct. 2012 to Sept. 2022, he has also been an academic visitor in Princeton University. Prof. Ding’s research interests are B5G networks, game theory, cooperative and energy harvesting networks and statistical signal processing. He is serving as an Area Editor for the IEEE Open Journal of the Communications Society, an Editor for IEEE Transactions on Vehicular Technology, and was an Editor for IEEE Wireless Communication Letters, IEEE Transactions on Communications, IEEE Communication Letters from 2013 to 2016. He recently received the EU Marie Curie Fellowship 2012-2014, the Top IEEE TVT Editor 2017, IEEE Heinrich Hertz Award 2018, IEEE Jack Neubauer Memorial Award 2018, IEEE Best Signal Processing Letter Award 2018, Friedrich Wilhelm Bessel Research Award 2020, and IEEE SPCC Technical Recognition Award 2021. He is a Fellow of the IEEE, a Distinguished Lecturer of IEEE ComSoc, and a Web of Science Highly Cited Researcher in two categories 2021."
Universal Inequalities of Laplacian on Riemannian Manifolds and Extensions,曾令忠,2022年6月2日(周四)  下午 16：00 始,腾讯在线会议ID：739-502-869  会议密码：220602 ,暨南大学,https://xxxy.jnu.edu.cn/2022/0530/c27469a702601/page.htm,2022-05-30,"In this talk, we would like to review some universal inequalities of Laplacian on Riemannian Manifolds. Furthermore, we consider the eigenvalues of Laplacian on the closed Riemannian manifolds. As an application, we give a very sharp upper bound for the second eigenvalue of Laplacian on the isoparametric hypersurface embeded in the unit sphere. Finally, we also give some universal bounds of Xin Laplacian on the translators in the sense of MCF. This is a work joint with Zhouyuan Zeng.",江西师范大学副教授，研究方向为微分几何，特别在黎曼流形的特征值估计问题做出了重要成果。
从“小飞象”到“超速小飞象”：更快的异步区块链共识机制,路远,2022年6月11日(周六) 下午14：00 - 15：00,腾讯在线会议 ID：413-697-685 ,暨南大学,https://xxxy.jnu.edu.cn/2022/0530/c27469a702317/page.htm,2022-05-30,"Asynchronous BFT consensus protocols can enable a set of honest parties to reach agreement on an ever-growing linearized log of transactions, despite arbitrary communication delay. Such asynchronous protocols are arguably the most robust candidates to implement permissioned blockchains deployed over the fluctuating global Internet. However, they suffer from suboptimal performance, despite recent progress on the topic. In particular, there exists a serious practicality hurdle due to large confirmation latency, because the existing designs have to interact for several dozens of rounds to output each block.This talk will dissect the efficiency bottlenecks of the prior art (e.g., HoneyBadger BFT in CCS’16 and Dumbo BFT in CCS’20) and then present Speeding-Dumbo (NDSS’22), our very recent design that can reduce the expected round complexity of asynchronous BFT consensus to about a dozen of rounds (at worst case). The reduced round complexity together with other optimizations can gain great performance improvement in the real-world WAN environment, e.g., realize a confirmation latency that is only about half of Dumbo BFT (CCS’20).",长期从事共识机制、分布式密码技术等区块链关键核心技术的研究工作，于新泽西理工学院获博士学位（获Joseph Leung最佳博士论文奖），现为中国科学院软件研究所副研究员、中科院青年创新促进会会员。代表性成果如“超速小飞象”异步共识机制、“小飞象-闪电狗”双模式共识框架、“小飞象”多值拜占庭容错协议等发表于NDSS、CCS、PODC等信息安全和分布式计算领域顶级国际会议，获以太坊基金会、VMware、Facebook、Dfinity等国际顶尖区块链研究机构追踪引用，被光明网、财联社、中国新闻网报道为“区块链核心技术重大突破”，被RepChain等多个国内主流区块链平台采纳应用。
High-Performance Triboelectric Nanogenerator and Tribophotonics,訾云龙,2022年5月27日(周五) 下午 15：00 - 16：00,番禺校区二区23号楼二楼会议室腾讯在线会议ID：311-128-342 ,暨南大学,https://xxxy.jnu.edu.cn/2022/0523/c27469a700845/page.htm,2022-05-23,"As the development of the Internet of Things (IoT), trillions of widely-distributed devices are integrated for health monitoring, biomedical sensing, environmental protection, infrastructure monitoring, and security, which require power supplies. To provide a sustainable power solution, triboelectric nanogenerator (TENG) has been developed since 2012 for high-efficiency mechanical energy harvesting from the ambient environment. The PI’s team has made significant contributions to fundamental studies about the triboelectric effect, discharge, and TENG output characteristics. and Multiple strategies to greatly enhance the output performance of TENG has been demonstrated, such as the high-pressure environment and the liquid-solid interface. On the other hand, the PI’s team also proposed and developed the concept of tribophotonics: tribo-charge induced tuning or generation of photons toward self-powered wireless sensing, which can be achieved through tunable liquid lens, liquid crystal, optical switch, tribo-induced electroluminescence (TIEL), and discharge. These studies will drive the further development of TENG technology for broad applications in blue energy harvesting, the IoT, human-machine interface, health & infrastructure monitoring, wearable & implantable electronics, towards high-efficiency self-powered systems.",香港科技大学（广州）长聘副教授、博士生导师。2009年于清华大学材料科学与工程系获得学士学位，2014年于美国普渡大学物理系获得博士学位，2014-2017年在美国佐治亚理工大学从事博士后研究工作。2017-2022年于香港中文大学任助理教授，组建微纳能源与智能系统实验室。訾教授长期从事高性能摩擦能量采集、摩擦光子学、自驱动传感系统、摩擦起电、静电放电、纳米材料和器件相关的工作，在多个领域取得多项原创性科研成果。目前已在Nature Nanotechnology、Nature Communications、Science Advances、Advanced Materials、Advanced Energy Materials、Advanced Science、ACS Nano、Nano Energy等国际一流期刊发表SCI收录论文100余篇，引用9000余次，H因子47，并出版中、英文学术专著各一部。曾荣获Nano Energy Award（2021）、Journal of Materials Chemistry C先锋研究者（2018）、微系统与纳米工程峰会青年科学家入围奖（2018）、美国材料研究学会MRS Postdoctoral Award（2017）、普渡大学 “转型创造者”（2013）等学术奖励和荣誉。2021年入选国际先进材料学会会士（FIAAM）、Vebleo学会会士。目前担任IEEE Open Journal of Nanotechnology副编辑、Electronics Letters副编辑、InfoMat青年编委、《半导体学报》青年编委等学术职务。主持人：杨希娅  副教授
王大伟,徐东阳,2022年5月20日(周五) 上午10：00 - 11：30,腾讯在线会议 ID：723-661-850 ,暨南大学,https://xxxy.jnu.edu.cn/2022/0518/c27469a699607/page.htm,2022-05-18,西北工业大学电子信息学院，副教授，主要从事无线通信与信号处理 (Wireless Communications and Signal Processing)、绿色通信 (Green Communications)、认知无线电（Cognitive radios）、物理层安全 (Physical Layer Security)、能量收集 (Energy Harvesting)、非正交多址接入（Non-Orthogonal Multiple Access）、无人机通信（Unmanned Aerial Vehicle）、资源分配（resource allocation）等方向的理论与工程研究。目前承担国家自然科学基金、陕西省青年项目、深圳市面上项目等多项基金。近年来，在IEEE Transactions on Communications、IEEE Transactions on Vehicular Technology、IEEE Wireless Communications Letters、IEEE Globecom和IEEE ICC等通信领域顶级期刊和会议上发表50余篇。 题目二：量子信息赋能无线通信：机会与挑战,西安交通大学信息与通信工程学院副教授、硕导，IEEE会员、中国通信学会会员。目前致力于5G/6G无线通信、量子计算理论、量子安全等领域的基础及应用研究。在IEEE  Transactions on Industrial Informatics，IEEE Transactions on Information Forensics and  Security，IEEE Internet of Things Journal，IEEE Transactions on Vehicular Technology等期刊和国际会议上已发表论文50余篇；2017年获SCI检索期刊China Communications首届最佳论文奖；主持多项国家级、省部级项目。 
On the differential spectrum of a power mapping over finite fields,夏永波,2022年5月10日(周二)  上午9：30 - 10：30,腾讯在线会议ID：224-620-598 ,暨南大学,https://xxxy.jnu.edu.cn/2022/0507/c27469a695545/page.htm,2022-05-07,"Let $n$ be a positive integer and $p$ a prime. The power mapping  $x^{p^n-3}$ over $\mathbb{F}_{p^n}$ has desirable differential properties, and a bound for its differential uniformity was given by Helleseth, Rong and Sandberg in 1999. In this talk, we will introduce how to compute the differential spectrum of this mapping. More precisely, for any odd prime $p$, by investigating certain quadratic character sums and some equations over $\mathbb{F}_{p^n}$, we determine the differential spectrum of $x^{p^n-3}$ with a unified approach. The obtained result shows that for any given odd prime $p$, the differential spectrum can be expressed explicitly in terms of $n$. Compared with previous results, a special elliptic curve over $\mathbb{F}_{p}$ plays an important role in our computation for the general case $p \ge 5$. This completely settles a question left open by Helleseth, Rong and Sandberg in 1999.",中南民族大学，教授，国家民委青年教学标兵、国家民委中青年英才。2009年6月毕业于湖北大学数学系，获理学博士学位；2013年9月至2014年9月，受留学基金委资助，赴挪威卑尔根大学访学，合作导师为IEEE Fellow、挪威科学院院士Tor Helleseth教授。目前的研究兴趣为：无线通信中的序列设计、编码和密码学；讲授的主要课程有：数学分析（本科），高等数学（本科），线性代数（本科），代数学引论（研究生），编码理论导论（研究生）等。  主持国家自然科学基金项目3项（面上2项，青年1项），湖北省自然科学基金2项，国家民委高等教育教学改革研究项目1项；在《IEEE Transactions on Information Theory》、《Finite Fields and Their Applications》、《Cryptography and Communications》、《Science China Mathematics》等期刊上发表论文30余篇。曾获2018年湖北省自然科学奖二等奖（排名2）、2019年国家民委教学成果二等奖（排名1）、2018年湖北省教学成果奖三等奖（排名3），2019年入选国家民委青年教学标兵，2020年入选国家民委中青年英才。
面向6G的低时延高可靠极化码,牛凯,2022年5月7日(周六)  上午9：00始,腾讯会议号：232404561 ,暨南大学,https://xxxy.jnu.edu.cn/2022/0505/c27469a695209/page.htm,2022-05-05,目前极化码已经写入了5G标准，作为一种新的高性能信道编码，极化码需要进一步改进与提升性能。我们首先探讨未来6G的应用场景，对6G移动通信的系统需求进行分析。然后基于极化谱理论，针对低时延场景，提出了逼近有限码长容量限的PAC编码构造方法，以及极化码的BER性能改进构造方法。这些方法将对未来6G移动通信的研究有所裨益。,教授，博士生导师，现在北京邮电大学人工智能学院任教。主要研究方向为：极化码、5G/6G移动通信、智能信号处理。现为北京邮电大学“泛网无线通信”教育部重点实验室副主任，中国电子学会与中国通信学会高级会员，信息论分会副主任委员。担任IEEE Communications Letters与China Communications期刊编辑。先后主持多项国家自然科学基金项目与863项目，参加多项国家973项目、“新一代宽带无线移动通信系统”重大专项项目。在IEEE重要学术期刊和会议发表论文200篇，其中，SCI检索50篇，申请国家发明专利80项，所提极化码高性能编译码算法成为5G标准主流方案，荣获2021年电子学会自然科学一等奖。
Unifying Non-Convex Low-Rank Matrix Recovery Algorithms by Riemannian Gradient Descent,蔡剑锋,2022年5月12日(周四)  下午14：00—16：00,腾讯在线会议ID：651-789-825 ,暨南大学,https://xxxy.jnu.edu.cn/2022/0429/c27469a694799/page.htm,2022-04-29,"The problem of low-rank matrix recovery from linear samples arises from numerous practical applications in machine learning, imaging, signal processing, computer vision, etc. Non-convex algorithms are usually very efficient and effective for low-rank matrix recovery with a theoretical guarantee, despite of possible local minima. In this talk, non-convex low-rank matrix recovery algorithms are unified under the framework of Riemannian gradient descent. We show that many popular non-convex low-rank matrix recovery algorithms are special cases of Riemannian gradient descent with different Riemannian metrics and retraction operators. Moreover, we identify the best choice of metrics and construct the most efficient non-convex algorithms for low-rank matrix recovery, by considering properties of sampling operators for different tasks such as matrix completion and phase retrieval.",香港科技大学数学系教授。2000年获复旦大学学士学位，2007年获香港中文大学博士学位。曾先后在新加坡国立大学，美国洛杉矶加州大学，和美国爱荷华大学工作。2015年加入香港科技大学数学系。研究兴趣是数据科学和成像技术中的算法设计和分析。在2017年和2018年被评选为全球高被引学者。
余礼苏,刘雷,2022年4月29日(周五)  上午10：00 - 12：00,腾讯在线会议ID：834-477-435 ,暨南大学,https://xxxy.jnu.edu.cn/2022/0424/c27469a692645/page.htm,2022-04-24,"南昌大学硕士生导师，人工智能系副主任，研究生党支部书记，南昌大学优秀博士引进人才，2021年入选“香樟育才计划”。西南交通大学与美国University of Arkansas联合培养博士，美国University of Houston访问学者。中国通信学会江西科技志愿者分队创始队长，中国通信学会高级会员，中国人工智能学会终身会员，IEEE会员，中国计算机学会会员。主要研究方向是B5G/6G无线通信，机器学习/深度学习，物联网，无人机，可见光通信等。以第一作者/通讯作者在国内外顶级期刊或旗舰会议发表SCI/EI论文30余篇，申请或授权国家发明专利10余项，主持或参与国家重点研发计划，国家自然科学基金重点项目，科技部重大专项，中国博士后科学基金特别资助项目等多个国家级科研项目。曾担任IEEE通信学会成都分会学生活动主席；担任IEEE BigData 2021/2022, IEEE ICMLA 2021/2022, WCSP2019等国际会议技术委员会/组委会委员（专栏/分会主席）；目前受邀担任SCI期刊Elsevier Physical Communication, Elsevier Computer Communications, PeerJ Computer Science, PLOS ONE, Frontiers in Signal Processing for Communications, Elsevier Internet of Things and Cyber-Physical Systems等多个国际著名期刊编委/编辑/副主编/学术编辑/客座主编；担任《电子与信息学报》专题副主编，《微电子学与计算机》首届青年编委；担任IEEE JSAC, IEEE JSTSP, IEEE TWC, IEEE TCOM, IEEE GLOBECOM, IEEE ICC等多个国际顶级期刊、旗舰会议匿名审稿人；担任《电子与信息学报》、《电信科学》、《通信学报》、《计算机工程与应用》、《计算机科学与探索》、《计算机科学》等期刊正式外审专家。 题目二：车联网中面向移动用户需求的多维资源智能联合优化研究","2013-2015年在中国电子信息产业集团旗下公司从事射频研发工作。2018-2019年受国家留学基金委资助在挪威奥斯陆大学联合培养，师从欧洲科学院院士、挪威皇家科学院院士、挪威工程院院士张彦教授，从事车载边缘计算方面的相关研究工作。2020年至今，任职于西安电子科技大学通信工程学院。现为陕西省区块链与安全计算省重点实验室成员、西安市移动边缘计算及安全重点实验室成员、陕西高校青年创新团队成员、IEEE Member、中国通信学会会员。迄今为止，主持和负责了国家自然科学基金项目、国家重点研发计划子课题、中央高校基本科研业务费专项资金项目、广东省基础与应用基础研究基金、西安市人工智能产业创新链推进工程项目等多项；发表学术论文20余篇，其中包括通信顶级期刊IEEE/ACM Transactions on Networking、IEEE Transaction on Intelligent Transportation Systems、IEEE Transaction on Vehicular Technology、IEEE Internet of Things Journal、通信学报和电子学报等，以及通信知名会议IEEE INFOCOM WORKSHOP、IEEE Globecom、IEEE ICC和IEEEPIMRC等；获得期刊 Vehicular Communications 2019年度最佳论文奖；获得会议WPMC 2018和IEEE SmartIoT 2018最佳论文奖；申请国内专利 4项，其中获得授权专利2项；参与中国智能网联汽车信息服务的标准化工作2项。同时，担任2018 年2019年IEEE SmartIoT的会议秘书，2019和2020年IEEE/CIC ICCC、2020年WoWMoM、2021年IEEE ICC和2021年SoftIo的技术委员会成员，2019年IEEE SmartIoT的Publicity Chair,IEEE/CIC ICCC Workshops Chair，5G MEC开源社区EdgeGallery区块链工作组Co-chair，担任IEEE Network Magazine、IEEE Vehicular Technology Magazine，IEEE TITS、IEEE TVT、IEEE TII、China Communications等国内外权威期刊的审稿人。 "
光伏级钙钛矿薄膜的工业化印刷制备及缺陷控制,邓业浩,2022年4月12日(周二)  下午14：00 - 16：30,番禺校区二期自编楼23栋2楼会议室  腾讯在线会议ID：712-409-645主持人：麦耀华  教授 ,暨南大学,https://xxxy.jnu.edu.cn/2022/0408/c27469a689401/page.htm,2022-04-08,高效率、低成本的新型薄膜光伏电池是加速实现高度电气化未来的关键技术。相比于目前占主流的硅电池，基于钙钛矿技术的薄膜光伏电池具有柔性、轻便、耐辐射、工作波长可调、高温及弱光效率高、可通过溶液法大规模制造等优点，有望进一步推动光伏发电的普及，并满足更多场景的应用。我们从2014年便聚焦于溶液法印刷光伏钙钛矿薄膜的技术开发，从溶液成膜、晶体生长、缺陷控制三个关键方面入手开展了系列工作。最终，在国际上率先实现了同时满足高速、低温、全大气环境的大面积钙钛矿薄膜的制备方法，与工业化生产需求完全兼容。制备的电池组件的稳态光电转换效率多次通过美国国家可再生实验室的权威认证，并被收录进第57版太阳能电池效率世界纪录表。本报告将简要分享我们在上述三个方面取得的主要科学发现和研究经验。,"重庆大学弘深青年学者，教授，博士生导师，国家高层次青年人才计划入选者，重庆英才计划青年拔尖人才。1989年出生。2011年获西南大学材料物理学士学位，2014年获中科院长春光机所凝聚态物理硕士学位，导师赵东旭研究员，2019年获美国北卡罗莱纳大学教堂山分校材料科学博士学位，导师Jinsong Huang教授。2019-2020年在北卡罗莱纳大学教堂山分校从事博士后研究，后加入美国钙钛矿光电技术初创企业Perotech Inc任Principal Scientist 并主持研究项目一项。2021年加入重庆大学物理学院。前期研究聚焦于高效稳定大面积钙钛矿太阳能电池组件的工业化生产技术开发。制备的组件多次通过美国国家可再生能源实验室的权威认证，并被收录进第57版太阳能电池效率世界纪录表。近年共发表论文50余篇，他引1万余次，H因子43。以第一作者在 Nature Energy (2篇),  Science Advances, Joule, Advanced Materials等学术期刊发表论文10余篇。相关工作3次被Nature Energy进行亮点报道。申请美国专利3项，欧洲专利1项，中国专利1项。是Nature, Nature Energy, Advanced Energy Materials等期刊的审稿人。"
Towards Practical Cryptographic Machine Learning Inference as a Service,Xingliang Yuan,2022年4月21日(周四)  下午14：30 - 15：30,番禺校区二期自编楼22栋会议室组织线上观看  腾讯在线会议ID：324-490-753主持人、联系人：杨安家 ,暨南大学,https://xxxy.jnu.edu.cn/2022/0402/c27469a688625/page.htm,2022-04-02,"The striking progress of machine learning has catalysed a diverse array of application domains. Enterprises offer machine learning services to improve their businesses and provide ready-made intelligence for end-users. Such practice seems appealing, yet current services operating on clear data raise acute privacy concerns, posing hurdles to their deployments. Data of individuals often carry private information and should always remain confidential. Machine learning models are deemed as intellectual properties and usually embed traces of (sensitive) training data.In this talk, I will first overview how to adopt privacy-enhancing cryptographic techniques to realise machine learning inference over encrypted data. After that, I will introduce our recent effort towards practical deployment of such service under different scenarios, and show how to harness insights from machine learning and system domains to push forward the practicality of the service while providing stringent security guarantees. Our designs demonstrate promising performance that is often more efficient compared with prior art in real-world applications like medical diagnosis and image classification.","Dr Xingliang Yuan is a Senior Lecturer at the Department ofSoftware Systems and Cybersecurity in the Faculty of Information Technology, Monash University. He obtained his PhD degree from City University of Hong Kong in 2016. He has broad interests in cybersecurity, including data security and privacy, secure networked system, and trustworthy machine learning. His research has been supported by Australian Research Council, CSIRO Data61, and Oceania Cyber Security Centre. In the past few years, his work has appeared in prestigious venues in computer security and networks, such as ACM CCS, NDSS, IEEE INFOCOM, IEEE TIFS, IEEE TDSC, etc. He received the best paper award in the European Symposium on Research in Computer Security (ESORICS) 2021. He was the recipient of the Dean’s Award for Excellence in Research by an Early Career Researcher at Monash Faculty of IT in 2020."
Weighted Scalar Curvature,邓嘉龙,2022年1月12日(周三)  上午10：00—11：00,南海楼224室  ,暨南大学,https://xxxy.jnu.edu.cn/2022/0107/c27469a676625/page.htm,2022-01-07,"The scalar curvature is interesting not only in analysis, geometry and topology but also in physics. Inspired by the important of Ricci Bakry-Emery curvature on a weighted Riemannian manifold, we will define the weighted scalar curvature on a weighted Riemannian manifold and then extend some of classic results about the scalar curvature to the weighted version.",2021年毕业于哥廷根大学，研究兴趣在黎曼几何方面，特别是数量曲率方面。
Resurgent theory from the QFT perspective,孙善忠,2022年1月6日(周四)  上午10：00—11：3,腾讯在线会议  会议ID：130-119-153  会议密码：220106  ,暨南大学,https://xxxy.jnu.edu.cn/2022/0104/c27469a675555/page.htm,2022-01-04,"Resurgent theory was originally developed by French mathematician Jean Ecalle to prove Dulac conjecture about finiteness of limiting cycles in ODEs, and it immediately found applications in quantum mechanics which is now called exact WKB analysis. The theory develops steadily during last three decades with many beautiful algebraic structures unrivaled. Recently, it exerts many activities in quantum field theory and topological string theory. In this talk, I will review the basics of resurgence theory including alien derivatives and transseries, then a typical interplay with gauge theory, namely the Witten-Reshetikhin-Turaev (WRT) invariants in Chern-Simons theory. The talk is partially based on joint works with Li HAN, Yong LI and David SAUZIN.",首都师范大学教授、博导，博士毕业于南开大学，研究方向为辛几何与辛拓扑、天体力学、数学物理，曾多次主持国家自然科学基金项目、参与国家自然科学基金重点项目，在《Advances in Math.》《Comm. in Math. Phys.》等一流学术期刊上发表多篇论文
Tensor Networks in Machine Learning,赵启斌  教授,2021年12月22日（周三） 下午 15：00始,腾讯会议  会议 ID：194380687会议链接：https://meeting.tencent.com/dm/iQCGjh1LmJwo ,暨南大学,https://xxxy.jnu.edu.cn/2021/1217/c27469a671269/page.htm,2021-12-17,"Tensor Networks (TNs) are factorizations of high dimensional tensors into networks of many low-dimensional tensors, which have been studied in quantum physics, high-performance computing, and applied mathematics. In recent years, TNs have been increasingly investigated and applied to machine learning and signal processing, due to its significant advances in handling large-scale and high-dimensional problems, model compression in deep neural networks, and efficient computations for learning algorithms. This talk aims to present some recent progress of TNs technology applied to machine learning from perspectives of basic principle and algorithms, novel approaches in unsupervised learning, tensor completion, multi-task, multi-model learning and various applications in DNN, CNN, RNN and etc.","Qibin Zhao received the Ph.D. degree in computer science from Shanghai Jiao Tong University, China in 2009. He was a research scientist at RIKEN Brain Science Institute from 2009 to 2017. Since 2017, he has joined RIKEN Center for Advanced Intelligence Project as a unit leader (2017 - 2019) and currently a team leader for tensor learning team. He is also a visiting professor in Saitama Institute of Technology and a visiting associate professor in Tokyo University of Agriculture and Technology, Japan. His research interests include machine learning, tensor factorization and tensor networks, computer vision and brain signal processing. He has published more than 130 scientific papers in international journals and conferences and two monographs. He serves as an editorial board member for journal “Science China: Technological Sciences” and Area Chair for the top-tier ML conference of NeurIPS, ICML, ICLR, AISTATS, AAAI, IJCAI and ACML."
Approximation capabilities of neural networks on unbounded domains,太盟投资集团 汪明晰 博士,2021年12月26日（周日）下午16：3,腾讯会议 ID：274-317-317 ,暨南大学,https://xxxy.jnu.edu.cn/2021/1216/c27469a670837/page.htm,2021-12-16,"In this talk, we overview universal approximation theorems of single-hidden layer nets on unbounded domains, including the work of Ito (1992) and Chen-Chen-Liu (1995) and Wang-Qu (2022). In particular, we explain those tools used in Wang-Qu (2022) are related to classical estimates that appeared in the transcendental number theory and Nevanlinna theory.Moreover, it is a central topic in the theory of networks that why deeper nets are more powerful than shallow nets, on which we demonstrate that two-hidden layer ReLU nets are universal approximators in Lp(Rn), while single-hidden layer nets are not.",先后在北京大学、香港大学、苏黎世联邦理工学院(ETH) 分别获得数学学士、硕士、博士学位，并获得ETH最佳博士论文奖。曾在马普研究所，法兰克福大学，达姆施塔特工业大学，萨尔斯堡大学从事学术访问或博士后工作，后入职瑞士百达银行和太盟投资集团。其学术成就包括独立解决了dynamical Mordell-Lang猜想的一个不平凡的情形，与合作者完整刻画了双曲空间真自映射幺半群的结构，与合作者成功解决了算数动力系统中的Habegger问题。当前研究方向为人工智能的数学理论和数论，其成果分别发表于《Acta Arithmetica》《Neural Networks》和《Trans. Amer. Math. Soc.》等著名杂志
Lectures on gauge theory and applications,Wang Bai-Ling,（1）2021年12月11日（周六）下午4:00-5:30（2）2021年12月13日（周一）下午4:00-5:30（3）2021年12月14日（周二）下午4:00-5:30（4）2021年12月18日（周六）下午4:00-5:30（5）2021年12月20日（周一）下午4:00-5:30（6）2021年12月21日（周二）下午4:00-5:30（7）2021年12月27日（周一）下午4:00-5:30（8）2021年12月28日（周二）下午4:00-5:30（9）2022年  1月 4日（周二）下午4:00-5:30（10）2022年 1月 8日（周六）下午4:00-5:30（11）2022年1月10日（周一）下午4:00-5:30（12）2022年1月11日（周二）下午4:00-5:30,腾讯会议在线报告周六会议 ID：327-2762-7343周一会议 ID：374-7799-6203周二会议 ID：372-2780-1371会议密码：123789 ,暨南大学,https://xxxy.jnu.edu.cn/2021/1208/c27469a667613/page.htm,2021-12-08,"Applications of gauge theory have been played important roles in the study of low dimensional geometry and topology. In this short course, basics of gauge theory will be explained. Some applications to 2-4 dimensional topology will be discussed. Topics include: bundles, connections and curvature, Chern-Weil theory, 4d Yang-Mills theory , 3d Chern-Simons theory, Atiyah-Floer conjecture.",Bai-Ling Wang 教授现任职于澳大利亚国立大学数学研究所，长期从事规范场、K理论、辛几何及数学物理的研究，是该领域国际著名的学者。他研究的课题涉及：（1）奇异空间的微分几何与拓扑，包括局部指标理论和高阶指标理论，量子 K-理论等；（2）数学物理中拓扑和微分量子场论、开弦的 D-膜理论等。他曾在《Advances in Mathematics》、《Transactions of the AMS》、《Communications in Mathematical Physics》、《Journal of Differential Geometry》等一流数学期刊上发表论文多篇。他曾连续多年在澳国立大学讲授辛几何、Yang-Mills规范理论等高等研究课程，深受学生欢迎。
高斯过程所联系的三类概率统计问题的探讨,陈勇,2021年12月3日（周五）下午15：00开始,南海楼224室 ,暨南大学,https://xxxy.jnu.edu.cn/2021/1126/c27469a664819/page.htm,2021-11-26,本报告讨论高斯过程所联系的三类概率统计问题：1.分数高斯噪声驱动的AR(1)模型的自回归系数的估计问题：此时LSE不相合，而MLE不能够直接从观测数据计算。我们转而使用更基本的矩估计方法，给出估计量的渐进极限结果。2.分数高斯噪声驱动的OU过程，Vasicek 模型出现在现代金融数学之中，其参数估计问题文献中有广泛的研究。人们把噪声是分数布朗运动的相应结果分别推广到它的各类变体：次分数，双分数，次双分数，混合分数等情况。我们发现所有这类过程可以统一处理为广义的分数高斯过程。通过建立广义高斯过程和分数布朗运动各自联系的内积的差的不等式控制，我们可以简化并改进上述OU过程和Vasicek 模型的估计问题的渐进极限结果。另外，我们同时讨论广义高斯过程的二次变差过程，其渐进极限的结果，简化并改进上述各类分数布朗运动各类变体的已知结果。3.有限维OU过程的样本熵产生率的大偏差问题。这是非平衡态统计物理中一个非常艰难的数学问题。我们介绍对于一类特殊的有限维OU过程，我们所得到的结果。,江西师范大学副教授，博士毕业于北京大学，研究方向为概率论与数理统计。先后任教于北京大学，湖南科技大学，与江西师范大学。主要从事概率论及其相关领域的研究和教学工作。目前的主要研究兴趣是 OU过程轨道熵产生率LDP，以及分数类高斯过程的估计问题。
