,url
0,https://eecs.pku.edu.cn/info/1050/5673.htm
1,https://eecs.pku.edu.cn/info/1050/5661.htm
2,https://eecs.pku.edu.cn/info/1050/5656.htm
3,https://eecs.pku.edu.cn/info/1050/5655.htm
4,https://eecs.pku.edu.cn/info/1050/5579.htm
5,https://eecs.pku.edu.cn/info/1050/5562.htm
6,https://eecs.pku.edu.cn/info/1050/5560.htm
7,https://eecs.pku.edu.cn/info/1050/5534.htm
8,https://eecs.pku.edu.cn/info/1050/5511.htm
9,https://eecs.pku.edu.cn/info/1050/5498.htm
10,https://eecs.pku.edu.cn/info/1050/5487.htm
11,https://eecs.pku.edu.cn/info/1050/5472.htm
12,https://eecs.pku.edu.cn/info/1050/5443.htm
13,https://eecs.pku.edu.cn/info/1050/5442.htm
14,https://eecs.pku.edu.cn/info/1050/5416.htm
15,https://eecs.pku.edu.cn/../info/1050/2086.htm
16,https://eecs.pku.edu.cn/../info/1050/2085.htm
17,https://eecs.pku.edu.cn/../info/1050/2101.htm
18,https://eecs.pku.edu.cn/../info/1050/2100.htm
19,https://eecs.pku.edu.cn/../info/1050/2099.htm
20,https://eecs.pku.edu.cn/../info/1050/2098.htm
21,https://eecs.pku.edu.cn/../info/1050/2097.htm
22,https://eecs.pku.edu.cn/../info/1050/2096.htm
23,https://eecs.pku.edu.cn/../info/1050/2095.htm
24,https://eecs.pku.edu.cn/../info/1050/2094.htm
25,https://eecs.pku.edu.cn/../info/1050/2093.htm
26,https://eecs.pku.edu.cn/../info/1050/2092.htm
27,https://eecs.pku.edu.cn/../info/1050/2091.htm
28,https://eecs.pku.edu.cn/../info/1050/2090.htm
29,https://eecs.pku.edu.cn/../info/1050/2089.htm
30,https://eecs.pku.edu.cn/../info/1050/2088.htm
31,https://eecs.pku.edu.cn/../info/1050/2087.htm
32,https://eecs.pku.edu.cn/../info/1050/2116.htm
33,https://eecs.pku.edu.cn/../info/1050/2115.htm
34,https://eecs.pku.edu.cn/../info/1050/2114.htm
35,https://eecs.pku.edu.cn/../info/1050/2113.htm
36,https://eecs.pku.edu.cn/../info/1050/2112.htm
37,https://eecs.pku.edu.cn/../info/1050/2111.htm
38,https://eecs.pku.edu.cn/../info/1050/2110.htm
39,https://eecs.pku.edu.cn/../info/1050/2109.htm
40,https://eecs.pku.edu.cn/../info/1050/2108.htm
41,https://eecs.pku.edu.cn/../info/1050/2107.htm
42,https://eecs.pku.edu.cn/../info/1050/2106.htm
43,https://eecs.pku.edu.cn/../info/1050/2105.htm
44,https://eecs.pku.edu.cn/../info/1050/2104.htm
45,https://eecs.pku.edu.cn/../info/1050/2103.htm
46,https://eecs.pku.edu.cn/../info/1050/2102.htm
47,https://eecs.pku.edu.cn/../info/1050/2131.htm
48,https://eecs.pku.edu.cn/../info/1050/2130.htm
49,https://eecs.pku.edu.cn/../info/1050/2129.htm
50,https://eecs.pku.edu.cn/../info/1050/2128.htm
51,https://eecs.pku.edu.cn/../info/1050/2127.htm
52,https://eecs.pku.edu.cn/../info/1050/2126.htm
53,https://eecs.pku.edu.cn/../info/1050/2125.htm
54,https://eecs.pku.edu.cn/../info/1050/2124.htm
55,https://eecs.pku.edu.cn/../info/1050/2123.htm
56,https://eecs.pku.edu.cn/../info/1050/2122.htm
57,https://eecs.pku.edu.cn/../info/1050/2121.htm
58,https://eecs.pku.edu.cn/../info/1050/2120.htm
59,https://eecs.pku.edu.cn/../info/1050/2119.htm
60,https://eecs.pku.edu.cn/../info/1050/2118.htm
61,https://eecs.pku.edu.cn/../info/1050/2117.htm
62,https://eecs.pku.edu.cn/../info/1050/2146.htm
63,https://eecs.pku.edu.cn/../info/1050/2145.htm
64,https://eecs.pku.edu.cn/../info/1050/2144.htm
65,https://eecs.pku.edu.cn/../info/1050/2143.htm
66,https://eecs.pku.edu.cn/../info/1050/2142.htm
67,https://eecs.pku.edu.cn/../info/1050/2141.htm
68,https://eecs.pku.edu.cn/../info/1050/2140.htm
69,https://eecs.pku.edu.cn/../info/1050/2139.htm
70,https://eecs.pku.edu.cn/../info/1050/2138.htm
71,https://eecs.pku.edu.cn/../info/1050/2137.htm
72,https://eecs.pku.edu.cn/../info/1050/2136.htm
73,https://eecs.pku.edu.cn/../info/1050/2135.htm
74,https://eecs.pku.edu.cn/../info/1050/2134.htm
75,https://eecs.pku.edu.cn/../info/1050/2133.htm
76,https://eecs.pku.edu.cn/../info/1050/2132.htm
77,https://eecs.pku.edu.cn/../info/1050/2161.htm
78,https://eecs.pku.edu.cn/../info/1050/2160.htm
79,https://eecs.pku.edu.cn/../info/1050/2159.htm
80,https://eecs.pku.edu.cn/../info/1050/2158.htm
81,https://eecs.pku.edu.cn/../info/1050/2157.htm
82,https://eecs.pku.edu.cn/../info/1050/2156.htm
83,https://eecs.pku.edu.cn/../info/1050/2155.htm
84,https://eecs.pku.edu.cn/../info/1050/2154.htm
85,https://eecs.pku.edu.cn/../info/1050/2153.htm
86,https://eecs.pku.edu.cn/../info/1050/2152.htm
87,https://eecs.pku.edu.cn/../info/1050/2151.htm
88,https://eecs.pku.edu.cn/../info/1050/2150.htm
89,https://eecs.pku.edu.cn/../info/1050/2149.htm
90,https://eecs.pku.edu.cn/../info/1050/2148.htm
91,https://eecs.pku.edu.cn/../info/1050/2147.htm
92,https://eecs.pku.edu.cn/../info/1050/2176.htm
93,https://eecs.pku.edu.cn/../info/1050/2175.htm
94,https://eecs.pku.edu.cn/../info/1050/2174.htm
95,https://eecs.pku.edu.cn/../info/1050/2173.htm
96,https://eecs.pku.edu.cn/../info/1050/2172.htm
97,https://eecs.pku.edu.cn/../info/1050/2171.htm
98,https://eecs.pku.edu.cn/../info/1050/2170.htm
99,https://eecs.pku.edu.cn/../info/1050/2169.htm
100,https://eecs.pku.edu.cn/../info/1050/2168.htm
101,https://eecs.pku.edu.cn/../info/1050/2167.htm
102,https://eecs.pku.edu.cn/../info/1050/2166.htm
103,https://eecs.pku.edu.cn/../info/1050/2165.htm
104,https://eecs.pku.edu.cn/../info/1050/2164.htm
105,https://eecs.pku.edu.cn/../info/1050/2163.htm
106,https://eecs.pku.edu.cn/../info/1050/2162.htm
107,https://eecs.pku.edu.cn/../info/1050/2191.htm
108,https://eecs.pku.edu.cn/../info/1050/2190.htm
109,https://eecs.pku.edu.cn/../info/1050/2189.htm
110,https://eecs.pku.edu.cn/../info/1050/2188.htm
111,https://eecs.pku.edu.cn/../info/1050/2187.htm
112,https://eecs.pku.edu.cn/../info/1050/2186.htm
113,https://eecs.pku.edu.cn/../info/1050/2185.htm
114,https://eecs.pku.edu.cn/../info/1050/2184.htm
115,https://eecs.pku.edu.cn/../info/1050/2183.htm
116,https://eecs.pku.edu.cn/../info/1050/2182.htm
117,https://eecs.pku.edu.cn/../info/1050/2181.htm
118,https://eecs.pku.edu.cn/../info/1050/2180.htm
119,https://eecs.pku.edu.cn/../info/1050/2179.htm
120,https://eecs.pku.edu.cn/../info/1050/2178.htm
121,https://eecs.pku.edu.cn/../info/1050/2177.htm
122,https://eecs.pku.edu.cn/../info/1050/5333.htm
123,https://eecs.pku.edu.cn/../info/1050/5311.htm
124,https://eecs.pku.edu.cn/../info/1050/5291.htm
125,https://eecs.pku.edu.cn/../info/1050/5274.htm
126,https://eecs.pku.edu.cn/../info/1050/5261.htm
127,https://eecs.pku.edu.cn/../info/1050/5254.htm
128,https://eecs.pku.edu.cn/../info/1050/5244.htm
129,https://eecs.pku.edu.cn/../info/1050/5253.htm
130,https://eecs.pku.edu.cn/../info/1050/5231.htm
131,https://eecs.pku.edu.cn/../info/1050/2197.htm
132,https://eecs.pku.edu.cn/../info/1050/2196.htm
133,https://eecs.pku.edu.cn/../info/1050/2195.htm
134,https://eecs.pku.edu.cn/../info/1050/2194.htm
135,https://eecs.pku.edu.cn/../info/1050/2193.htm
136,https://eecs.pku.edu.cn/../info/1050/2192.htm
