,讲座标题,报告人,时间,地点,大学,通知全文链接,通知发布时间,通知内容,报告人简介
0,北京大学显示技术系列讲座第2期——Micro-LED显示技术发展与产业进程,主讲人： ,"时间：
    2023年6月6日（周二）晚18:40-20:30",地点： ,北京大学,https://eecs.pku.edu.cn/info/1050/5673.htm,发布时间：2023-06-05,"讲座简介：
在Big Data、Open AI、边缘计算等新兴技术的强力推动下，作为信息化载体和窗口的新型显示技术也在加速更新迭代。Micro-LED是新型显示、半导体、LED等攻略性领域的共同作用力结果，在亮度、功耗、效率、体积、重量、环境适应度等方面具有显著优势。随着市场的关注热度持续增长，Micro-LED的技术瓶颈与成本等产业化问题也逐渐显露。","专家简介：
张珂："
1,5.5G若干技术演进方向的思考,戴博,时间：2023年6月2日晚19：00,地点：北京大学理教106,北京大学,https://eecs.pku.edu.cn/info/1050/5661.htm,发布时间：2023-05-31,本次讲座将回顾5.5G3GPP标准技术进展梳理归纳现有55G技术，展望未来标准版本关键技术方向。同时还将针对终端的演进，对已识别的重点技术方向，介绍技术目标，待解决的问题，并阐述其价值。,华为3GPP工作组首席代表、3GPPRAN4主席
2,走可通用家用机器人的具身智能之路,王鹤,时间5月26日（周五）19:00,地点北京大学理科一号楼1127,北京大学,https://eecs.pku.edu.cn/info/1050/5656.htm,发布时间：2023-05-25,,北京大学计算机学院前沿计算研究中心助理教授博士生导师，研究方向为计算机视觉和机器人孕，曾获世界人工智能大会青年优秀论文奖、欧洲图形学会议最佳论文提名以及围ICRA2023最佳操纳论文奖。
3,纳米材料与技术一众聚合物到碳纳米管,夏煜,时间5月12日（周五19:00,地点北京大学理科一号楼1131,北京大学,https://eecs.pku.edu.cn/info/1050/5655.htm,发布时间：2023-05-10,,北京大学电子学院碳基电子孚研究中心研究员、博士生导师，研究方向为碳基纳米材料，主要包括新材料开发纳米材料自组装与电子器件应用
4,AI大模型带来算力基础的改变,王绍迪,时间：2023年4月28日晚18：40,地点：北京大学理教106,北京大学,https://eecs.pku.edu.cn/info/1050/5579.htm,发布时间：2023-04-26,北京大学学士，美国加利福尼亚大学洛杉矶分校博士，国家万人计划创业领军人才，2021年中国创业青年奖获得者授权国内外专利30余项，发表学术文章30篇。,知存科技创始人兼CEO
5,芯片设计自动化卡硬件“脖子”的软件技术,林亦波,时间4月21日（周五）19:00,地点北京大学理科一号楼1126,北京大学,https://eecs.pku.edu.cn/info/1050/5562.htm,发布时间：2023-04-19,,北京大学集成电路学院研究员，博士生导师，研究方向为集成电路设计自动化（EDA）、机器学习应用、异构硬件加速技术
6,北京大学显示技术系列讲座第1期——OLED显示技术前沿,"主讲人：
Bonggeum Lee 博士，天马微电子OLED研发中心高级总监","时间：
2023年4月18日（周二）晚18:40-20:30","地点：
理科一号楼1126",北京大学,https://eecs.pku.edu.cn/info/1050/5560.htm,发布时间：2023-04-16,"讲座简介
随着科技的进步，以AI，5G等为主的第四次工业革命时代来临，给显示行业带来了新的机会。在诸多显示技术中，OLED（organic light emitting diodes）技术由于其高对比度，可透明，无限可能的屏幕形态（可弯曲，可折叠，可卷曲）等特性，被显示行业广泛接受并成为当下显示行业的主流，在过去短短的几年时间里，中国国内有十几条OLED面板生产线正式宣告投建，天马、京东方，维信诺，华星光电等面板大厂无一不在投资布局OLED产业。本讲座将带领大家一起回顾显示技术的发展趋势，并系统性地介绍OLED的工作原理、基本结构、制造工艺以及其中的技术问题，从基础出发，理论与产线实际结合，技术与市场融汇，让大家了解OLED显示行业的真正面貌。","专家简介

Bonggeum Lee，现任天马微电子股份有限公司OLED研发中心高级总监；2007年毕业于日本横滨国立大学获博士学位，2007-2018年在世界一流显示公司LG显示担任责任研究员，2018-2022年担任柔宇显示技术有限公司研发副总经理，2022年加入天马微电子股份有限公司任OLED研发中心高级总监；具有16年以上的OLED显示行业经验，积累了丰富的技术开发以及量产导入的经验，对OLED显示技术中的背板、OLED、模组、面板设计以及驱动芯片技术都有深入的了解和开发经验，获得显示相关专利50多项，带领团队开发了世界第一款中大尺寸透明OLED显示、世界第一款量产柔性OLED手机、世界第一款OLED折叠手机，并突破了打印OLED技术瓶颈，建立了打印OLED技术标准。"
7,自动驾驶挑战与AO开放平台,苏菲菲,时间：2023年4月14日晚18：40,地点：北京大学理教106,北京大学,https://eecs.pku.edu.cn/info/1050/5534.htm,发布时间：2023-04-12,作为自动驾驶国家人工智能开放创新平台，百度从2013年开始布局自动驾驶，2017年推出了全球首个自动驾驶开放平台Apollo。目前百度Apollo已经成长为全球最大的自动驾驶开放平台，开放了从封闭场地循迹自动驾驶到迈向无人化的自动驾驶一系列能力，累计开源代码75余万行，产业合作伙伴超过220家，遍布全球165个国家。本次讲座为理实一体化课程，将系统讲解自动驾驶人才需求、自动驾驶技术开发流程等内容，并结合一系列自动驾驶调试及仿真实验，使学生快速熟悉自动驾驶软件系统调试及相关工具的使用，提升自动驾驶技术学习能力。,百度Apollo高级产品经理
8,信息科学技术学院“知存讲座”（第七期）,谭锋,时间：2023年4月7日晚18：40,地点：北京大学理教106,北京大学,https://eecs.pku.edu.cn/info/1050/5511.htm,发布时间：2023-04-03,2007年北大软件与微电子学院硕士毕业加入微软中国；2017年以资深技术专家身份加入阿里云机器学习平台PAI团队，目前是PAI的架构师和平台负责人。在微软先后从事医疗图像软件、在线广告、数据挖掘、搜索引擎等研发工作。其参与过的全球搜索引擎必应的核心在线服务，以上万台服务器的规模提供100B级别的互联网文档搜索。目前在阿里云聚焦云原生与AI的结合，拥有AI落地和AI赋能企业的丰富实践经验。他是一名从业多年的软件开发者和程序员。,阿里巴巴集团资深技术专家
9,6G通信与感知,邸博雅,时间3月31日（周五）19:00,地点北京大学理科二号楼2129,北京大学,https://eecs.pku.edu.cn/info/1050/5498.htm,发布时间：2023-03-29,,电子学院研究员、博士生导师，研究方向为6G无线传输技术与感知
10,Internet的过去、现在和未来,王海波,时间：2023年3月24日晚18：40,地点：北京大学二教102,北京大学,https://eecs.pku.edu.cn/info/1050/5487.htm,发布时间：2023-03-22,华为BGP首席技术专家，VPNGroup专利主审人路由安全相关国家级项目成员。2006年加入华为，长期从事BGP、Internet路由安全、L2/L3VPN等领域的协议设计、开发，负责BGP领域的协议演进、规划工作。在BGP、VPN领域耕耘十余年，拥有近百项专利，其中数十件发明专利。BGP是互联网上一个核心的互联网去中心化自治路由协议，它的地位是核心的，是目前唯一连接海陆空和七大洲四大洋的外部路由协议。作为首席专家，他主导了多项核心技术的研发，在协议标准与产业发展领域做出突出贡献。,华为BGP首席技术专家
11,铁电晶体管将CPUD内存、硬盘融为一体,唐克超,时间3月17日周五19:00,地点北京大学微纳电子大厦103,北京大学,https://eecs.pku.edu.cn/info/1050/5472.htm,发布时间：2023-03-16,,北京大学集成电路学院研究员，博士生导师，研究方向为基于边渡金属氧化物的存储与传感器件。
12,集成电路先进制造,隋振超,时间：3月10日下午18:40,地点：北京大学理教208,北京大学,https://eecs.pku.edu.cn/info/1050/5443.htm,发布时间：2023-03-09,限公司，曾负责中芯国际65nm，40nm，28nm的大规模量产，领导了22nm，2DNANDflash，新型存储器等成熟工艺技术平台开发。作为负责人和技术专家，先后参与了多项科技部、发改委和北京市的重大技术项目。目前担任中芯国际晶圆三厂（中芯京城）厂长。,2003年加入中芯国际集成电路制造有
13,迈向开放环境汽化机器学习,优尚航,时间3月3日（周五19:00,地点北京大学理科二号楼2129报告厅,北京大学,https://eecs.pku.edu.cn/info/1050/5442.htm,发布时间：2023-03-02,,北京大学计算机学院研究员助理教授、博士生导师、博雅青年学者。2018年博士毕业于美国卡内基梅隆大学2020年初加几加州大学伯克利分校AlResearchLab从事博士后研究。研究方向为开放环境泛化机器学习理论与系统，在计算机视觉和类脑计算方向拥有丰富研究经验。在人工智能顶级期刊和会议上发表论文50余篇，并申请5项美中专利。荣获世界人工智能顶级会议AAAI，2021最佳论文奖
14,趣事分享,朱毅鑫,时间2月24日（周五）19:00,地点北京大学理科二号楼2129报告厅,北京大学,https://eecs.pku.edu.cn/info/1050/5416.htm,发布时间：2023-02-23,,北京大学人工智能研究院助理教授，博士生导师，博雅青年学者；院长助理。研究旨在通过将高阶常识（功能性、可供性、直觉物理、因果、意图等）与原始感官信号（像素、触觉等）相结合构建交互式人工智能，以赋子对物体、场景、形状、数子和智能体的丰富表征和抽象推理能力。
15,信科英语讲座,,"时间：3月11日晚9点地点：理科二号楼2736信息科学技术学院学生会学术部","地点：理科二号楼2736信息科学技术学院学生会学术部",北京大学,https://eecs.pku.edu.cn/../info/1050/2086.htm,发布时间：2011-03-04,,
16,EMC中国研发集团“存储技术”系列讲座,报告人：贺劲,时间：2010年11月26日星期五下午，3：40～5：30,地点：理科1号楼1126,北京大学,https://eecs.pku.edu.cn/../info/1050/2085.htm,发布时间：2010-12-17,,
17,讲座信息：康奈尔大学计算机科学系主任 Joe  Halpern教授学术演讲,,时间：2011年10月28日（星期五）上午10:00-12:10,地点：北京大学信息科学技术学院理科二号楼2736,北京大学,https://eecs.pku.edu.cn/../info/1050/2101.htm,发布时间：2011-10-26,"摘要：Decision theory with subjective states and outcomes The standard approach in decision theory (going back to Savage) is to place a preference order on acts, where an act is a function from states to outcomes. If the preference order satisfies appropriate postulates, then the decision maker can be viewed as acting as if he has a probability on states and a utility function on outcomes, and is maximizing expected utility. This framework implicitly assumes that the decision maker knows what the states and outcomes are. That isn't reasonable in a complex situation. For example, in trying to decide whether or not to attack Iraq, what are the states and what are the outcomes? We redo Savage viewing acts essentially as syntactic programs. We don't need to assume either states or outcomes. However, among other things, we can get representation theorems in the spirit of Savage's theorems; for Savage, the agent's probability and utility are subjective; for us, in addition to the probability and utility being subjective, so is the state space and the outcome space. I discuss the benefits, both conceptual and pragmatic, of this approach. As I show, among other things, it provides an elegant solution to framing problems.",
18,学术报告: Year 2020: Green and Symbiosis towards Post Ubiquitous Information System,,2011年10月26日（周三）9:30 – 11:50，理科二号楼2736多功能厅,2011年10月26日（周三）9:30 – 11:50，理科二号楼2736多功能厅,北京大学,https://eecs.pku.edu.cn/../info/1050/2100.htm,发布时间：2011-10-25,"摘要：
Present Modern Society is based on ubiquitous information environment, which can be considered as consisting of two computing aspects: Mobile Computing and Pervasive Computing. In this talk, we will introduce advance ubiquitous computing where human and information systems will co-exist in a cooperative manner to the betterment of life and society, and to alleviate the predefined problems. Then, we will propose a new 3rd axis, comprised of human and society in addition to the existing ubiquitous computing. By integrating these three axis, we created the Symbiotic Computing paradigm.","教授简介：



Norio Shiratori, born in 1946, is currently an Emeritus Professor and Visiting Professor at the RIEC (Research Institute of Electrical Communication), Tohoku University, Japan. He is also a member of the executive board of Future University - Hakodate and a Visiting Professor of Chuo University, Japan."
19,"主题： New Thinking about the Post PC era: Taiwan's High Tech, Economy and Life",报告人：张俊彦博士 台湾交通大学,时间：2011年10月21日（星期五）上午10：00--11：30,地点：理科二号楼2736,北京大学,https://eecs.pku.edu.cn/../info/1050/2099.htm,发布时间：2011-10-19,,
20,主题：Frontiers in Formal Methods（形式化方法前沿问题）,"报告人：Professor Edmund M. Clarke Carnegie Mellon University, USA",时间：2011年10月21日（星期五）上午10：00--11：30,地点：理科一号楼1131,北京大学,https://eecs.pku.edu.cn/../info/1050/2098.htm,发布时间：2011-10-19,,
21,主题： An introduction to AGI,"报告人：Pei Wang Associate Professor, Temple University",时间： 2011年9月26日 下午2:30,地点： 北京大学理科二号楼 2206,北京大学,https://eecs.pku.edu.cn/../info/1050/2097.htm,发布时间：2011-09-26,,
22,主题：How to Apply Patents in Europe?,报告人：Angelo Lupo European Patent Office(欧洲专利局),时间： 2011年9月26日（星期一）下午3:00-4:00,地点：北京大学信息科学技术学院 理科二号楼2135会议室,北京大学,https://eecs.pku.edu.cn/../info/1050/2096.htm,发布时间：2011-09-23,,
23,主题： 社交网络的可视化分析 Visual Analytics of Social Networks,报告人：张小龙 副教授 宾夕法尼亚州州立大学,时间：2011年9月16日（星期五）下午1:00,地点：北京大学理科二号楼2305,北京大学,https://eecs.pku.edu.cn/../info/1050/2095.htm,发布时间：2011-09-16,,
24,主题：Sparse Image Representation for Image Processing，Computer Vision and Pattern Recognition,报告人：Dr.C.-C.Jay Kuo University of Southern California,时间：9月13日（周二）下午3:30—5:00,地点：理科2号楼2736会议室,北京大学,https://eecs.pku.edu.cn/../info/1050/2094.htm,发布时间：2011-09-13,,
25,信科专业分流讲座,,"时间&地点：周一（3.28） 学院专业分流宣讲，二教105，晚8:40周二（3.29） 电子系专场， 理二2129，晚9:00周三（3.30） 计算机科学技术系专场，理二2129，晚9:00周四（3.31） 微电子系专场，理二2129，晚9:00周五（4.1） 智能科学系专场，理二2129，晚9：00欢迎大家参加！！！","地点在二教105，传单信息有误，请各位注意！你了解信科四个专业的情况了吗？你还在为专业分流而纠结吗？来听专业分流系列讲座吧！信科大犇们将为你答疑解惑！时间&地点：周一（3.28） 学院专业分流宣讲，二教105，晚8:40周二（3.29） 电子系专场， 理二2129，晚9:00周三（3.30） 计算机科学技术系专场，理二2129，晚9:00周四（3.31） 微电子系专场，理二2129，晚9:00周五（4.1） 智能科学系专场，理二2129，晚9：00欢迎大家参加！！！",北京大学,https://eecs.pku.edu.cn/../info/1050/2093.htm,发布时间：2011-03-27,,
26,北京大学博士生科技写作与学术出版讲座通知,"主讲人： Dr. Warren Raye, Edanz Group首席培训师，2005年于莫多克大学取得博士学位。Dr. Raye曾经在福冈大学，广岛大学，阿卜杜拉阿齐兹国王大学，法赫德国王大学和沙特国王大学等知名院校举办“学术写作与出版”讲座数十场。",时间：2011年3月28日 15：00-18：00点,地点：北京大学第二教学楼301教室,北京大学,https://eecs.pku.edu.cn/../info/1050/2092.htm,发布时间：2011-03-21,,
27,网站设计-计算机运用设计大赛技术讲座,"主讲人：肖贵超（北大计算机应用设计协会） 内容概述：应广大同学要求，继周一的PS讲座后，信科学生科协和计算机应用设计协会将携手在周四晚举行计算机应用设计大赛系列讲座的的第二场讲座：网站设计。此次讲座面向全校学生，尤其是对网站设计不甚了解但希望掌握网站设计技术的初学者，将会在此次讲座中有很大收获。此次讲座的内容必将对您以后的学习生活有很大帮助。信科学生科协及计算机应用设计协会期盼您的到来。",时间：3月24日（周四）19:00-21:00,"地点：二教406 主讲人：肖贵超（北大计算机应用设计协会） 内容概述：应广大同学要求，继周一的PS讲座后，信科学生科协和计算机应用设计协会将携手在周四晚举行计算机应用设计大赛系列讲座的的第二场讲座：网站设计。此次讲座面向全校学生，尤其是对网站设计不甚了解但希望掌握网站设计技术的初学者，将会在此次讲座中有很大收获。此次讲座的内容必将对您以后的学习生活有很大帮助。信科学生科协及计算机应用设计协会期盼您的到来。",北京大学,https://eecs.pku.edu.cn/../info/1050/2091.htm,发布时间：2011-03-17,,
28,欢迎大家参加微软学术搜索创新的讲座,,"时间】19:00 到21：00【面向群体】信科全体学生【活动地点】理科一号楼1126室【举办部门】信科研会就业与创业服务部【活动介绍】题目：微软学术搜索的创新主要内容： 30 分钟: 软件创新之谜 20 分钟: 微软学术搜索介绍 20 分钟: 信息抽取技术，人名消歧技术介绍 20 分钟: 问答 30 分钟: 微软高校关系部专人介绍MSRA明日之星实习项目，并可现场接受简历 主讲者：邹欣 邹欣现任微软亚洲研究院技术创新组项目主管。主要负责研究成果到商业产品的转化。他在微软公司参与了电子邮件管理软件Outlook97 - Outlook2003的开发工作，软件开发管理软件Visual Studio Team System 2005的开发工作。 在加入微软公司之前，邹欣从事过商用Unix 系统，GPS/GIS 软件开发，以及软件测试工作。 邹欣于2007年出版了《移山之道 - VSTS软件开发指南》，2008 年出版《编程之美 - 微软技术面试心得》（合作）。 欢迎大家发送姓名+年级+院系到eecs_job (at) 163.com报名参加~","地点】理科一号楼1126室【举办部门】信科研会就业与创业服务部【活动介绍】题目：微软学术搜索的创新主要内容： 30 分钟: 软件创新之谜 20 分钟: 微软学术搜索介绍 20 分钟: 信息抽取技术，人名消歧技术介绍 20 分钟: 问答 30 分钟: 微软高校关系部专人介绍MSRA明日之星实习项目，并可现场接受简历 主讲者：邹欣 邹欣现任微软亚洲研究院技术创新组项目主管。主要负责研究成果到商业产品的转化。他在微软公司参与了电子邮件管理软件Outlook97 - Outlook2003的开发工作，软件开发管理软件Visual Studio Team System 2005的开发工作。 在加入微软公司之前，邹欣从事过商用Unix 系统，GPS/GIS 软件开发，以及软件测试工作。 邹欣于2007年出版了《移山之道 - VSTS软件开发指南》，2008 年出版《编程之美 - 微软技术面试心得》（合作）。 欢迎大家发送姓名+年级+院系到eecs_job (at) 163.com报名参加~",北京大学,https://eecs.pku.edu.cn/../info/1050/2090.htm,发布时间：2011-03-17,,
29,PS平面设计——计算机应用设计大赛技术讲座,"主讲人：龙晓苑（文计资深教师） 内容概述：为了提高同学们计算机运用设计水平，应广大同学们的要求，校团委、信科科协以及CADA协会将在本周联合举办计算机运用设计大赛系列讲座，对一些常见的运用设计软件进行入门讲座。此次PS讲座将由文科计算机课程教师龙晓苑老师进行主讲，主要讲授关于PS的基本操作和技巧，帮助同学们对PS技术有一个较好的初步掌握.",时间：3月21日（周一）19:00-21:00,"地点：二教509 主讲人：龙晓苑（文计资深教师） 内容概述：为了提高同学们计算机运用设计水平，应广大同学们的要求，校团委、信科科协以及CADA协会将在本周联合举办计算机运用设计大赛系列讲座，对一些常见的运用设计软件进行入门讲座。此次PS讲座将由文科计算机课程教师龙晓苑老师进行主讲，主要讲授关于PS的基本操作和技巧，帮助同学们对PS技术有一个较好的初步掌握.",北京大学,https://eecs.pku.edu.cn/../info/1050/2089.htm,发布时间：2011-03-14,,
30,本科生科研讲座,,"时间：3月18日晚9点 地点：理科二号楼2736 信科研会学术部&信科学生会学术部","地点：理科二号楼2736 信科研会学术部&信科学生会学术部",北京大学,https://eecs.pku.edu.cn/../info/1050/2088.htm,发布时间：2011-03-11,,
31,讲座信息：Finding Hidden Structures: Keyword Queries in Relational Databases,,"Time: 10:00am-11:30am, March 14, 2011 ","Founder Building 421 方正大厦4楼421",北京大学,https://eecs.pku.edu.cn/../info/1050/2087.htm,发布时间：2011-03-07,"Abstract: Relational database management systems (RDBMSs) have been widely used over decades. On the direction of DB/IR integration, keyword search in relational databases (RDBs) has been extensively studied recently. A keyword search (or a keyword query) in RDBs is specified by a set of keywords to explore the interconnected tuple structures in an RDB that cannot be easily identified using SQL on RDBMSs. In brief, it finds how the tuples containing the given keywords are connected via sequences of connections (foreign key references) among tuples in an RDB. In this talk, we focus on using SQL to compute all the interconnected tuple structures for a given keyword query. First, we show that the current commercial RDBMSs are powerful enough to support such keyword queries in RDBs efficiently using a technique of tuple reduction we proposed. Second, we discuss parallel computing keyword queries on a multicore architecture. Third, we discuss how to compute structural statisitics. Bio: Prof. Jeffrey Xu Yu is a Professor in the Department of Systems Engineering and Engineering Management, the Chinese University of Hong Kong. His current main research interests include keywords search in relational databases, graph mining, graph query processing, and graph pattern matching. Prof. Yu served/serves in over 200 organization committees and program committees in international conferences/workshops. Prof. Yu also served as an associate editor of IEEE Transactions on Knowledge and Data Engineering (2004-2008), and servers in VLDB Journal editorial board and ACM SIGMOD executive committee. He has published over 230 papers including papers published in reputed journals and major international conferences. His personal homepage is: http://www.se.cuhk.edu.hk/people/yu.html.",
32,"名家讲坛：ICT for a Smarter Planet: Challenges, Enablers, and Opportunities","主讲人：Prof. Dr. Sumi Helal, University of Florida, USA",时间： 10月15日下午2：00,地点：北京大学理科2号楼2736,北京大学,https://eecs.pku.edu.cn/../info/1050/2116.htm,发布时间：2012-10-10,"Abstract:
Recent advances in Pervasive Computing and Intelligent Environments research give a glimpse into the future of our planet and reveal exciting visions of smart everything - smart cities, smart homes, smart workplaces, smart hotels, smart schools, and much more. Driven by technological evolution offering low power many-things and wireless almost-everything (e.g., IEEE 802.15.4 radio, wireless sensor networks, sensor platforms), we could, in only a decade, envision and prototype impressive cyber-physical systems and ubiquitous applications. In most of these systems, the goal has been clear and convincing, and the technology proved to be promising and exciting. But prototyping is only a beginning, and much remains to be innovated and done before smart cities and smart environments become common places.",
33,名家讲坛：New Research Directions in Intelligent Transportation,"主讲人：Prof. Dr. Ouri Wolfson, University of Illinois at Chicago, USA",时间：10月26日下午2：00,地点：北京大学理科2号楼2736,北京大学,https://eecs.pku.edu.cn/../info/1050/2115.htm,发布时间：2012-10-10,"Abstract:
Intelligent Transportation Systems (ITS) have been researched and developed since the 1970's but their impact so far has been relatively small. In this talk I will argue that this is about to change and that these systems will soon revolutionize urban transportation. I will discuss novel applications that improve safety, mobility, environmental impact, and energy efficiency. The applications epitomize ITS efforts currently undertaken throughout the world, e.g., the IntelliDrive initiative of the US Department of Transportation. Focusing information management, I will argue that ranking is a fundamental operation in an environment where travelers and billions of sensors embedded in the infrastructure, in vehicles, and in portable devices generate vast amounts of data. Two ranking paradigms will be discussed, one using game theory and the other using machine learning. I will also relate these efforts to our NSF-sponsored IGERT PhD program in Computational Transportation Science.ct: Managing data is arguably one of the reasons for adopting cloud technologies. These technologies are very promising with respect to enhancing scalability, reducing costs, and rapidly adapting to changes in application demands. However the adoption of these technologies is not without risks. Data stored in a cloud would be accessible to a large variety of individuals, like the IT staff of the cloud providers. The cloud providers may in turn outsource data management functions to other providers. Data integrity and availability are critical issues. Physical protection, crucial for data security, may be difficult to assess for the organization owning the data as data may be stored in different countries, which makes difficult making inspections to the data storage location. In some cases, even being able to control the location of the data may be difficult. However, making sure that data is stored or not stored in certain locations is crucial for compliance. Data segregation is essential in the context of multi-tenant contexts in which data owned by different organizations may reside on the same systems. Support for disaster recovery, and accountability are also critical requirements. In the talk we will first elaborate on these issues. We will then present an overview of the MASK system, able to support fine-grained encryption of data while at the same time supporting identity-based privacy-preserving access control on encrypted data. We will conclude the presentation with a discussion about the notion of accountability policies and tools for managing security policies.",
34,名家讲坛：Towards In Situ Software Engineering Technologies,"主讲人：Prof. Dr. Carl K. Chang, Iowa State University, USA",时间：10月9日下午3：00,地点：北京大学理科2号楼2736,北京大学,https://eecs.pku.edu.cn/../info/1050/2114.htm,发布时间：2012-10-10,"Abstract:
The world of computing has progressed beyond anyone's imagination since Professor John Vincent Atanasoff invented the first electronic digital computer at Iowa State College (now Iowa State University) in 1939- 1941. In this talk I will first review and discuss past and present software engineering research and practice.I will then speculate on a possible roadmap that may lead software engineering as a discipline into a brave new world of computing. It is my intention through this talk to impress upon the audience the importance of the fast emerging situational computing as the new platform to advance software engineering. Computer systems must be able to adapt to the dynamic and changing environment in response to instant or delayed feedback from a service installation that nowadays is becoming more and more context aware and pervasive. However, current context-aware service-centric models largely lack the capability to continuously explore human mental states that often drive system evolution. This talk presents my current research in Situ: a situation-theoretic approach to human-intention-driven service evolution in context-aware environments. In this study, I give situation a definition that is rich in semantics and useful for modeling and reasoning about human intentions, whereas the definition of intention is based on the monitoring of a temporal sequence of situations. Based on this framework, instant definition of individualized services at runtime may become possible, and significantly shorten the service evolution cycle. In the end, I will illustrate the possible applications of this framework through a smart home example aimed at supporting independent living of elderly and physically challenged population.",
35,名家讲坛：Securing Data in the Cloud – Challenges and Research Directions,"主讲人：Prof. Dr. Elisa Bertino, Purdue University",时间： 10月11日下午2：00,地点：北京大学理科2号楼2736,北京大学,https://eecs.pku.edu.cn/../info/1050/2113.htm,发布时间：2012-10-10,"Abstract:
Managing data is arguably one of the reasons for adopting cloud technologies. These technologies are very promising with respect to enhancing scalability, reducing costs, and rapidly adapting to changes in application demands. However the adoption of these technologies is not without risks. Data stored in a cloud would be accessible to a large variety of individuals, like the IT staff of the cloud providers. The cloud providers may in turn outsource data management functions to other providers. Data integrity and availability are critical issues. Physical protection, crucial for data security, may be difficult to assess for the organization owning the data as data may be stored in different countries, which makes difficult making inspections to the data storage location. In some cases, even being able to control the location of the data may be difficult. However, making sure that data is stored or not stored in certain locations is crucial for compliance. Data segregation is essential in the context of multi-tenant contexts in which data owned by different organizations may reside on the same systems. Support for disaster recovery, and accountability are also critical requirements. In the talk we will first elaborate on these issues. We will then present an overview of the MASK system, able to support fine-grained encryption of data while at the same time supporting identity-based privacy-preserving access control on encrypted data. We will conclude the presentation with a discussion about the notion of accountability policies and tools for managing security policies.",
36,讲座信息：Believe in Something Bigger Than Yourself,,时间：2012年9月21日下午15：00-15：45,地点：理科2号楼2736,北京大学,https://eecs.pku.edu.cn/../info/1050/2112.htm,发布时间：2012-09-14,,
37,主题为“云计算时代的数据密集型计算”。,主讲人Randal Bryant是卡耐基梅隆大学特级教授、计算机科学学院院长。,2012年6月5日（周二）下午15:30，北京大学理科二号楼2129室。,,北京大学,https://eecs.pku.edu.cn/../info/1050/2111.htm,发布时间：2012-06-04,,
38,图灵奖得主John Hopcroft：Building a Science Base for the Information Age,图灵奖得主John Hopcroft,2012年5月15日星期二下午2点至3点半,陈守仁国际研究中心中馆,北京大学,https://eecs.pku.edu.cn/../info/1050/2110.htm,发布时间：2012-05-14,,
39,Addressing the General Purpose Processor Dilemma with Reconfigurable Logic Computing,演讲嘉宾：美国麻省理工学院（MIT）JoelEmer教授,讲座时间：12月15日（星期四）上午10：30,讲座地点：北京大学理科2号楼2736报告厅,北京大学,https://eecs.pku.edu.cn/../info/1050/2109.htm,发布时间：2011-12-14,,
40,学术讲座：北京大学“海外名家讲学”计划系列讲座,张教授已在包括Science、 Nature及Physical Review Letters等世界顶级期刊发表文章180余篇。他的研究课题光学超材料被时代杂志评为“2008年十大科学发现”。 Zhang教授曾获得美国国家科学基金事业奖、国际制造工艺协会 Dell K. Allen杰出青年工程师奖、美国海军研究部青年研究者奖以及美国麻省理工学院的Rohsenow Lecturer。他于1996年获得加州大学伯克利分校博士,时间： 12月5日（周一）下午16:00-17:00,地点：理科2号楼2736报告厅,北京大学,https://eecs.pku.edu.cn/../info/1050/2108.htm,发布时间：2011-11-30,"摘要：
Recent theory predicted a new class of photonic composite materials made of engineered sub wavelength entities - meta “atoms” and “molecules” which enable the unprecedented optical properties that do not exist in the nature such as optical magnetism and negative refraction. Especially, the superlens made of metamaterials breaks the fundamental diffraction limit, which may have profound impact in wide range of applications such as nano-scale imaging, nanolithography, and ultra-density data storage.",
41,学术讲座：VLSI Photonics: Science and Engineering of Micro/Nano-Photonics and Integration,主讲人：韩国仁荷（Inha）大学El-Hang Lee教授,时间：2011年11月24日上午9：30,地点：北京大学理科二号楼2736,北京大学,https://eecs.pku.edu.cn/../info/1050/2107.htm,发布时间：2011-11-22,,"教授简介：
El-Hang Lee教授于1977年获得耶鲁大学应用物理学博士（师从耶鲁诺贝尔化学奖得主Prof. John.B.Fenn）。依次在耶鲁大学、普林斯顿大学、AT&T、ETRI 和韩国KAIST、仁荷大学从事半导体、物理、材料、光电子器件、光子学和光通信等方面的研究。担任仁荷大学信息工程学院创始主席，信息技术和电信学院主席。IEEE-LEOS Korea 和SPIE-Korea的首任主席, 创建了国家超大规模集成光子学研究中心和微纳光子学高级研究中心。 发表期刊论文270 余篇，国际会议论文640余篇，会议报告840余次，特邀报告160余次，在半导体、光子学等方面拥有130项国际专利。APS, OSA, IEEE, SPIE, IEE (UK) 以及KAST (Korean Academy of Science and Technology) 的Fellow。曾获得15次国内外际奖项，包括IEEE Third Millennium Medal, IEEE Photonics Society Distinguished Lecturer Award、Presidential Medal of Honor, King Sejong Prize,以及 Inchon Science Grand Prize等奖。现担任光电子学技术快报（IEEE Photonics Technology Letters）主编。"
42,主题：New trends in Electrical Scanning Probe Techniques for Device and Thin Film Characterization ,"报告人：Guenther Benstetter Steinbeis,TechnologyTransferCenter,StuttgartandDeggendorf,Germany",时间：11月17日，下午5:00—6:00,地点：理科2号楼2736,北京大学,https://eecs.pku.edu.cn/../info/1050/2106.htm,发布时间：2011-11-16,"摘要：
The presentation reviewsselected applications of scanning probe microscopy(SPM) techniques for the electrical characterization of electronic devices and thin films. Subsequently novel scanning capacitance microscopy (SCM) based techniques are discussed in more detail. Starting with well-established SPM methods such as Kelvin-probe force microscopy(KPFM) and conductive atomic force microscopy(CAFM)new techniques such as intermittent scanning capacitance microscopy(ICSCM) are explained and case studies are demonstrated.",
43,主题： Extreme Learning Machine: Learning Without Iterative Tuning,"报告人：Guang-Bin Huang, Nanyang TechnologicalUniversity,Singapore",时间：2011年11月18日上午10:00-12:00，,地点：三教108,北京大学,https://eecs.pku.edu.cn/../info/1050/2105.htm,发布时间：2011-11-14,"Abstract:
Neural networks (NN) and support vector machines (SVM) play key roles in machine learning and data analysis. However, it is known that these popular learning techniques face some challenging issues such as: intensive human intervene, slow learning speed, poor learning scalability. This talk will introduce a new learning technique referred to as Extreme Learning Machine (ELM). ELM not only learns up to tens of thousands faster than NN and SVMs, but also provides unified implementation for regression, binary and multi-class applications. ELM is efficient to time series, online sequential, incremental applications. ELM not only produces good results for sparse datasets but also is efficient for large size of applications. From both theoretical and practical points of view, NN and SVM/LS-SVM only produce suboptimal solutions to ELM.","Biography:
Guang-Bin Huang received the B.Sc degree in applied mathematics and M.Eng degree in computer engineering fromNortheasternUniversity, P. R. China, in 1991 and 1994, respectively, and Ph.D degree in electrical engineering fromNanyang Technological University,Singaporein 1999. During undergraduate period, he also concurrently studied in Applied Mathematics department and Wireless Communication department ofNortheasternUniversity, P. R. China."
44,主题：Advances in Atomic Physics: From Optical Pumping to Ultracold Atoms,报告人： 97年诺贝尔物理奖得主Cohen-Tannoudji ，,时间：11月11日上午10:00,地点：北大图书馆北配楼学术报告厅,北京大学,https://eecs.pku.edu.cn/../info/1050/2104.htm,发布时间：2011-11-09,,
45,主题：Computer Science Curricula for the Coming Decade,主讲人：斯坦福大学计算机系教学系主任Mehran Sahami,时间：2011年11月3日(周四)上午10:30－11：30,地点：理科二号楼2736室,北京大学,https://eecs.pku.edu.cn/../info/1050/2103.htm,发布时间：2011-10-31,"Abstract
Interest in Computer Science at the university level has fluctuated dramatically in the past 20 years. Many factors have been cited for these enrollment changes, including changes in the economy in the high-tech sector and the general image of computing. In this talk, we begin by examining some of the factors affecting enrollments in CS, analyzing both historical and current trends. In light of this analysis, we then turn our attention to curricular issues, first examining significant changes made in Stanford University's undergraduate CS program, which aim to expand the scope of education in computer science and highlight the diversity of options available in the field. We discuss the results of these changes--a near doubling in undergraduate CS enrollments in just two years--and analyze some of the reasons why. We then look at CS curriculum development more broadly, discussing the ACM/IEEE-CS joint effort to define a new Computer Science Curriculum volume by the year 2013, known as CS2013. The goal of this effort is to provide concrete curricular guidance for undergraduate CS programs at the international level for the coming decade.",
46,主题：Underground and airborne matter-wave inertial sensors: towards fundamental tests of gravitation,报告人：Dr. Philippe Bouyer,时间：2011年10月28日（星期五），上午 10:30-11:30,地点：北京大学二教106室,北京大学,https://eecs.pku.edu.cn/../info/1050/2102.htm,发布时间：2011-10-27,"摘要：
 Matter-wave inertial sensing relies on the capability of manipulating the coherent wave nature of matter to build an interferometer and accurately measure a phase difference. Since the massive particle associated to the matter wave senses inertial effects, the interferometer represents an accurate inertial probe. Atom interferometers have benefited from the outstanding developments of laser-cooling techniques and reached accuracies comparable to those of inertial sensors based on optical interferometry. Thanks to their long term stability, they offer a breakthrough advance in accelerometry, gyroscopy and gravimetry, for applications to inertial guidance, geoid determinations, geophysics and metrology. They are also excellent candidates for laboratory-based tests of general relativity that could compete with the current tests using astronomical or macroscopic bodies. For example, they may provide new answers to the question of whether the free fall acceleration of a particle is universal, i.e. independent of its internal composition and quantum properties.",
47,Optical interconnect in future systems on chip,主讲人：Pro.Sebastien报告时间：2013年12月18日周三，上午10:00,时间：2013年12月18日周三，上午10:00,地点：理科五号楼410会议室,北京大学,https://eecs.pku.edu.cn/../info/1050/2131.htm,发布时间：2013-12-13,"Abstract:The shift to very high performance distributed Multi-Processor Systems-on-Chip (MPSoC) as mainstream computing devices is the recognized route to address, in particular, power issues by reducing individual processor frequency while retaining the same overall computing power. However, the move to such architectures requires organized high-speed communication between processors and therefore has an impact on the interconnect structure. It clearly relies upon the existence of an extremely fast and flexible interconnect architecture, to such a point that the management of communication between processors will become key to successful development. Optical interconnects and optical network on chip (ONoC) architectures are emerging as potential contenders to solve congestion and latency issues in future computing architectures. In this tutorial, I will firstly present the constituent elements of a basic integrated optical interconnect link and associated technology and design issues. I will then cover quantitative comparisons for direct point-to-point links, using single-wavelength links instead of electrical links, and will finally describe the architecture of an optical network on chip, exploiting wavelength routing to achieve specific network connectivity requirements.","Biography:Sébastien Le Beux is Associate Professor for Heterogeneous and Nanoelectronics Systems Design at Ecole Centrale de Lyon since 2010. In 2013, he is invited scholar for 6 months in the Department of Electronic and Computer Engineering from the Hong Kong University of Science & Technology. From 2008 to 2010, he was postdoctoral researcher at Ecole Polytechnique de Montréal (Computer and Software Engineering department), Canada. In 2007, he obtained a PhD in computer science (INRIA grant). Relying on significant expertise from previous projects in both modelling and design methods for emerging (nano)technologies and embedded systems, the research interests of Sébastien Le Beux cover Optical Network on Chip, design space exploration, design methods and dynamic reconfiguration. Sébastien Le Beux has 6 articles published in refereed publications (journals), 3 book chapters, 7 invited and over 20 regular articles published in refereed international conference proceedings (1 recipient of Best Paper Award, NEWCAS 2011), over 30 talks in conference/workshop and 1 patent. He is the organizer of the ISCAS 2013 special session on silicon photonic architectures, the program chair of FETCH 2011, 2012 and 2014 (French winter school on heterogeneous system design) and the co-chair of the DATE session on Embedded Software for Many-Core Architectures in 2013 and 2014. He is TPC member of DATE (since 2012), GLSVLSI (since 2011), NANOARCH (since 2012) international conferences and regular reviewer for IEEE TVLSI, IEEE TCAD, IEEE TPDS and Elsevier JSA journals."
48,The Need of Energy-Efficient Computation in Biomedical Big Data Analysis and Neural Computation,,时间：2013年12月16日周一，15:15-16:40讲座地点：英杰交流中心第八会议室,地点：英杰交流中心第八会议室,北京大学,https://eecs.pku.edu.cn/../info/1050/2130.htm,发布时间：2013-12-13,"讲座简介：
Modern high-throughput DNA sequencing techniques are capable of sequencing individual or mixtures of genomes and transcriptomes in natural systems ef?ciently and at a low cost. The speed and the low cost of these new sequencing technologies have resulted in the generation of massive biological data sets, providing enormous opportunities for environmental, ecological or general health-research oriented metagenomic analysis, through direct-sequencing of micro-organisms in biological samples followed by computational analysis, classification and annotation of the sequencing data. In the first part of this talk, we will discuss the computational challenges in the data analysis as well as the need for energy-efficient computation. Our nervous system has provided a fantastic solution to energy-efficient computation for many types of data analyses. During decades, numerous brain-inspired computational models including neural networks have been developed for solving engineering problems, but most of them were designed in the spirit of simulating brain functions on conventional computers, while the low cost computational techniques utilized by the brain was in general not considered. The latter part of the talk will focus on opportunities and challenges in developing energy-efficient neural computation models.",
49,以色列本古里安大学在读博士Yossi Dashti讲座,主讲人：以色列本·古里安大学,时间：2013年11月25日（周一）下午14:00,地点：理科一号楼1801,北京大学,https://eecs.pku.edu.cn/../info/1050/2129.htm,发布时间：2013-11-25,"Abstract
Motivated by both ideology and economic necessity in its early days, the State of Israel promoted an agriculture-oriented economy and provided incentives to individuals and organizations to settle in rural areas and to build farming communities. Nonetheless, this orientation has shifted: in recent years, Israel has changed its economic orientation and has become a technology powerhouse and one of the most urbanized societies.",
50,专家讲座系列 第十九讲  ---主讲人：Keith Ross,主讲人：Keith Ross,时间：2013年11月26日下午1:30,地点：理科二号楼2129会议室,北京大学,https://eecs.pku.edu.cn/../info/1050/2128.htm,发布时间：2013-11-22,"Abstract
We consider how third parties (""hackers"") can exploit applications and big data in the Internet to invade our privacy. We will survey some past and ongoing work on tracking the locations of Internet users, profiling children, and extracting profile information from photos.",
51,Towards Systematic Development of Run-Time Reconfigurable Designs,,"时 间：2013年12月16日周一,10:50-11:40",北京大学英杰交流中心第八会议室,北京大学,https://eecs.pku.edu.cn/../info/1050/2127.htm,发布时间：2013-11-18,"讲座简介：
This talk describes recent research on methods for systematically developing run-time reconfigurable designs for field-programmable devices such as FPGAs. An approach for analysing designs involving run-time reconfiguration will be presented, showing how the degree of parallelism in a reconfigurable design can influence reconfiguration time and performance. The extension of this approach for optimising energy consumption will be covered. The potential of adopting run-time reconfiguration for various applications,such as communication and computational finance, will be addressed.",
52,主讲人：CMU张晖教授,,时间：11月18日（周一）下午4:00-5:00地点：理二2736,地点：理二2736,北京大学,https://eecs.pku.edu.cn/../info/1050/2126.htm,发布时间：2013-11-18,,
53,主讲人：加利福尼亚大学伯克利分校博士生李浩源,,时间：2013年11月20日（周三）下午13:30,地点：理科二号楼2736,北京大学,https://eecs.pku.edu.cn/../info/1050/2125.htm,发布时间：2013-11-18,,
54,"CMOS-Memristor Hybrid Circuits: Devices, Integration, Architecture, and Applications",,"时 间：2013年12月16日周一,13:30-14：20",北京大学英杰交流中心第八会议室,北京大学,https://eecs.pku.edu.cn/../info/1050/2124.htm,发布时间：2013-11-18,"讲座简介：
In this talk, we give an overview of our recent research efforts on monolithic 3D integration of CMOS and memristive nanodevices. These proposed hybrid circuits combine a CMOS subsystem with several layers of nanowire crossbars, consisting of arrays oftwo-terminal memristors, all connected by an area-distributed interface between the CMOS subsystem and the crossbars. This approach combines the advantages of CMOS technology, including its high flexibility, functionality and yield, with the extremely high density of nanowires, nanodevices and interface vias. As a result, the 3D hybrids can overcome limitations pertinent to other 3D integration techniques (such as through-silicon vias) and enable 3D circuits with unprecedented memory density and memory bandwidth at manageable power dissipation.",
55,FinFET-- a University Innovation Takes Over the Semiconductor World,,发布时间：2013-10-22,,北京大学,https://eecs.pku.edu.cn/../info/1050/2123.htm,发布时间：2013-10-22,,
56,"讲座信息：Technology Entrepreneurship :Curiosity, Opportunity, Risk, and Money",,"日期:11月4、5、6、7、8、12、13日","地點:理科2号楼2449会议室",北京大学,https://eecs.pku.edu.cn/../info/1050/2122.htm,发布时间：2013-10-21,"摘要：
 As indicated by Professor John L. Hennessy (President of Stanford University), “High-technology companies are both an important part of our world’s economic growth story as well as the place where many young entrepreneurs realize their dreams”. Compare with many universities in the world, Peking University has competitive advantages in the areas of Information & Communications Technology (ICT) and Economics. Based on instructor’s R&D experience of 35 years (in US industry) with his global connections and involvement with several start-ups, this seminar-course has been designed to use two key emerging technologies & services (namely Vehicular Telematics, e-Healthcare, and Big Data) as application scenarios to blend ICT engineering with business models & solutions to guide students to go through an entire process, step by step, from “Curiosity > Opportunity> Business Model> Risk > Technology Commercialization> Money”. Through invited speakers from local industry and a series of videos of interviewing several highly successful entrepreneurs in US (such as Marisa Mayer of Yahoo!, Mark Zuckerberg of Facebook, Larry Page of Google, and others), I hope that the students will have a first-hand experience to understand how those entrepreneurs transfer their curiosity, hard work and ambition at the very early stage into decisive actions of creating their own high-tech start-up first, and then eventually expand it to one of top Fortune 500 corporations.",
57,关于计算博弈论的介绍-伯克利大学高级讲师丹·加西亚,主讲人：伯克利大学高级讲师丹·加西亚,时间：2013年10月18日（周五）上午10:00-12:00,地点：理教206,北京大学,https://eecs.pku.edu.cn/../info/1050/2121.htm,发布时间：2013-10-11,"Abstract
This talk will present an introduction to the fertile area of computational game theory. At the core of our project is GAMESMAN, an open-source AI architecture developed for solving, playing and analyzing two-person, abstract strategy games (e.g., Tic-Tac-Toe or Chess). Over the past twelve years, over four hundred undergraduates have implemented more than sixty-five games and several advanced software engineering projects. The goal of this talk is to describe the project’s mathematical core, the fruits of our labor, and future research directions.",
58,伯克利大学高级讲师丹?加西亚学术报告,主讲人：伯克利大学高级讲师丹·加西亚,时间：2013年10月18日（周五）下午14:00-16:00,地点： 二教105,北京大学,https://eecs.pku.edu.cn/../info/1050/2120.htm,发布时间：2013-10-11,"Abstract
One man’s “magic” is another man’s engineering.– Robert A. Heinlein",
59,讲座信息：Solar Cells and Monolithically Integrated Optical Systems,James S Harris是Stanford大学电子工程、应用物理及科学领域的讲席教授。他分别于1964、1965和1969年在Stanford大学电子工程专业获得学士、硕士和博士学位。1969他加入了Rockwell国际科学中心，并曾致力于MBE和异质结器件的研究，奠定了其在GaAs技术领域的卓越地位。1982年他受聘为教授加入了Stanford大学电子工程系固态电子实验室。他目前的研究兴趣是基于超微结构和新材料的新型光电子及自旋器件中的物理学研究及应用。在该领域他共培养了超过105名博士,时间：7月19日（周五）下午14:00-17:00,地点：二教407,北京大学,https://eecs.pku.edu.cn/../info/1050/2119.htm,发布时间：2013-07-17,"摘要：
1、Progress over the past 30 years in polycrystal thin film, crystalline Si, organic and multi-junction cells clearly shows that the efficiency of the current approaches has virtually saturated and the focus on these technologies has thus been largely focused on maintaining current cell efficiency with massive scaling efforts to reduce cell cost. For the multi-junction cells, efficiency has increased dramatically over the past two decades, while other approaches have had relatively little improvement in efficiency because of fundamental limitations and the cell technologies are relatively mature. The focus of these technologies has thus been largely on maintaining current cell efficiency with scaling has been on reducing cell cost.",
60,讲座信息：Introduction & Mysteries of Entanglement,主讲人：约瑟夫·H·艾伯利（Joseph H. Eberly）教授,时间：2013年5月24日（周五）18:00 – 20:00,地点：北京大学理科2号楼2736报告厅,北京大学,https://eecs.pku.edu.cn/../info/1050/2118.htm,发布时间：2013-05-20,Abstract: We will illustrate the conditional character of two-party entanglement and introduce quantum measures that are able to respond to both reversible and irreversible changes in entanglement.,
61,讲座信息：VTR 7.0: Next Generation Architecture  and CAD System for FPGAs,主讲人：Prof. Jonathan Rose ,时间：2013年3月15日（星期五） 上午10:30-11:30 ,地点： 理科二号楼2736报告厅 ,北京大学,https://eecs.pku.edu.cn/../info/1050/2117.htm,发布时间：2013-03-12,,
62,名家讲坛：Essence of Micro/Nano Lithography  纳米光刻技术的精髓,嘉 宾：林本坚 博士,时 间：2015年6月9日（星期二）9：45-12：00,地 点：北京大学理科2号楼2129报告厅,北京大学,https://eecs.pku.edu.cn/../info/1050/2146.htm,发布时间：2015-06-04,"摘要：
从上世纪80年代至今，光刻技术从最初微米级别几何结构的探索阶段发展到了纳米的尺度，其中包含了大量的高科技创新。科研人员需要具备怎样的知识才能科学地进行光刻呢？本讲座将会从一些关键参数和概念出发，带你快速了解光刻技术的精髓。本讲座的内容包括焦点缩放的分辨率与深度、E-D树与E-D森林、倍增空间频率的方法、浸润式光刻以及极紫外光刻等。",
63,4月23日： Tackling the Challenge of Developing A New Internet Architecture,Prof.Lixia Zhang,2015年4月23日星期四10:00am,理科二号楼2736多功能厅,北京大学,https://eecs.pku.edu.cn/../info/1050/2145.htm,发布时间：2015-04-17,,
64,"4月7日：High-performance computing, Deep learning, Human and artificial intelligence",,"Date: December 15, 2014","Guanghua School of Management Building No. 2",北京大学,https://eecs.pku.edu.cn/../info/1050/2144.htm,发布时间：2015-04-02,,
65,Can we afford privacy from surveillance? | 我们能在监视下保有隐私吗？,,发布时间：2014-12-11,,北京大学,https://eecs.pku.edu.cn/../info/1050/2143.htm,发布时间：2014-12-11,,
66,Topic 1: Managing Stochastic Inventory Systems with Scarce Resources Speaker: Rowan Wang,Speaker: Rowan Wang,"Time: Monday,13 Oct. 14:00-17:00pm",Location: Room K01 Guanghua Building 2,北京大学,https://eecs.pku.edu.cn/../info/1050/2142.htm,发布时间：2014-10-09,"Abstract: We consider the problem of managing production in a production-inventory system where a ?rm is subject to an allowance (a limit) on either the amount of input it can use or the amount of output it can produce over a speci?ed compliance period. Examples of such settings are numerous and include those where limits are placed on the use of scarce natural resources as input or on the amount of waste or harmful pollution generated by production. We formulate the problem as a stochastic dynamic program with a two-dimensional state space: on-hand inventory level and remaining allowance. To simplify the analysis, we consider an extended state-space version of the problem and show that this modi?ed version of the problem reduces to a one-dimensional problem. We show the optimal policy for this modi?ed version and then use it to characterize the structure of the optimal policy for the original problem. We draw several managerial insights. In particular, we show that it is possible to signi?cantly reduce the allowance amount without signi?cantly increasing cost. ",
67,Four-dimensional Virtual Cities and their Applications to ITS,,发布时间：2014-09-22,,北京大学,https://eecs.pku.edu.cn/../info/1050/2141.htm,发布时间：2014-09-22,,
68,Research as a Career,"报告人：马毅（School of Information Sciences and Technology; ShanghaiTech University, China）",时 间：2014年9月15日10：00-11：30,,北京大学,https://eecs.pku.edu.cn/../info/1050/2140.htm,发布时间：2014-09-11,,
69,名家讲坛：Mobile Visual Search - Linking the Virtual and the Physical World,,时 间：2014年9月3日14:00,地 点：北京大学理科2号楼2736报告厅,北京大学,https://eecs.pku.edu.cn/../info/1050/2139.htm,发布时间：2014-09-02,"摘要
Mobile devices are becoming ubiquitous platforms for visual search and mobile augmented reality applications. For object recognition on mobile devices, a visual database is typically stored in the cloud. Hence, for a visual comparison, information must be either uploaded from, or downloaded to, the mobile over a wireless link. The response time of the system critically depends on how much information must be transferred in both directions, and efficient compression is the key to a good user experience. We review recent advances in mobile visual search, using compact feature descriptors, and show that dramatic speed-ups and power savings are possible by considering recognition, compression, and retrieval jointly. For augmented reality applications, where image matching is performed continually at video frame rates, interframe coding of SIFT descriptors achieves bit-rate reductions of 1-2 orders of magnitude relative to advanced video coding techniques. We will use real-time implementations for different example applications, such as recognition of landmarks, media covers or printed documents, to show the benefits of implementing computer vision algorithms on the mobile device, in the cloud, or both.",
70,Frontiers in Energy-Efficient Computing and Applications,,时间：8月24日（周日）上午8:30,地点：中关新园1号楼观湖厅A、D,北京大学,https://eecs.pku.edu.cn/../info/1050/2138.htm,发布时间：2014-08-18,,
71,"海外名家讲学计划：BlueDBM: A Muti-access, Distributed Flash Store for Big Data Analytics",Speaker: Arvind,时间：2014年8月24日星期日8:45am,地点：中关新园1号楼观湖厅,北京大学,https://eecs.pku.edu.cn/../info/1050/2137.htm,发布时间：2014-08-11,"Abstract:Complex analytics of the vast amount of data collected via social media, cell phones, ubiquitous smart sensors, and satellites is likely to be the biggest economic driver for the IT industry over the next decade. For many ``Big Data'' applications, the limiting factor in performance is often the transportation of large amount of data from hard disks to where it can be processed, i.e. DRAM. We will present BlueDBM, an architecture for a scalable distributed flash store which is designed to overcome this limitation in two ways. First, the architecture provides a high-performance, high-capacity, scalable random-access storage. It achieves high-throughput by sharing large numbers of flash chips across a low-latency, chip-to-chip backplane network managed by the flash controllers. Second, it permits some computation near the data via a FPGA-based programmable flash controller. We will present the preliminary results on accelerating complex queries using BlueDBM consisting of 20 nodes and up to 32 TB of flash.","Biography:Arvind is the Johnson Professor of Computer Science and Engineering at the Massachusetts Institute of Technology and a member of CSAIL (Computer Science and Artificial Intelligence Laboratory). From 1974 to 1978, prior to coming to MIT, he taught at the University of California, Irvine. Arvind received his M.S. and Ph.D. in Computer Science from the University of Minnesota in 1972 and 1973, respectively. He received his B. Tech. in Electrical Engineering from the Indian Institute of Technology, Kanpur, in 1969, and also taught there from 1977-78."
72,"海外名家讲学计划：Looking Back, Projecting Forward",Speaker: Mary Jane Irwin,时间：2014年8月24日星期日 2:00pm,地点：中关新园1号楼观湖厅,北京大学,https://eecs.pku.edu.cn/../info/1050/2136.htm,发布时间：2014-08-11,"Abstract:The first half of the talk will list lessons learned during the design of the Arithmetic Cube, a VLSI design project that took place in the mid 1980’s - when CMOS was thenewtechnology - to the early 1990’s. Design tools that were developed in support of the Arithmetic Cube will also be briefly described. A key lesson learned during this period was “Let the needs of the design drive the design tool development.” In this way, the tools that are developed will be much more likely to be used by designers. The second half of the talk will project forward in the emerging technology space (beyond Moore’s Law) to see how the lessons learned during the design of the Arithmetic Cube can help guide design and design tools research and development in the future.","Biography:Mary Jane Irwin has been on the faculty at Penn State since 1977 where she currently holds the title of Evan Pugh Professor and A. Robert Noll Chair in Engineering in the Department of Computer Science and Engineering. Her research and teaching interests include computer architecture, embedded and high performance computing systems design, power and reliability aware design, and emerging technologies in computing systems. Dr. Irwin received her Ph.D. from the University of Illinois in 1977 and an Honorary Doctorate from Chalmers University, Sweden, in 1997. She was named a Fellow of The Institute of Electrical and Electronic Engineers (IEEE) in 1995, a Fellow of The Association for Computing Machinery (ACM) in 1996, and was elected to the National Academy of Engineering in 2003 and to the American Academy of Arts and Sciences in 2009."
73,海外名家讲学计划：Electrostatic Nano Electromechanical Switches (NEMS) for Energy-Efficient Digital Systems,Speaker: Prof. Roger T. Howe,时间：2014年5月22日（周四）上午10:30-12:00,地点：北京大学微纳电子大厦205会议室,北京大学,https://eecs.pku.edu.cn/../info/1050/2135.htm,发布时间：2014-05-13,"Abstract：Micro and nano-fabricated sensors and actuators have become commonplace in recent years and have transformed the interfaces between the physical world and the Internet. Nano electromechanical switches (NEMS), by contrast, are intended for augmenting the performance of digital systems at the core of information technology. This talk will summarize recent research in NEMS, with a focus on designs using electrostatic actuation. The performance characteristics of NEMS are well-suited for a promising system application – implementing the programmable routing in field-programmable gate arrays (FPGAs). At Stanford, we have developed processes for fabricating lateral (in-plane) electrostatically actuated, multi-terminal switches on top of CMOS. I will review the fabrication challenges, contact phenomena, and scaling of lateral NEMS, as well as their micro-encapsulation and potential applications in charge-biased resonators and sensors.","Biography：Roger T. Howe is the William E. Ayer Professor in Engineering at Stanford University. He received the B.S. degree in physics from Harvey Mudd College and the M.S. and Ph.D. in electrical engineering from the University of California, Berkeley in 1981 and 1984. After faculty positions at CMU and MIT from 1984-1987 and Berkeley from 1987-2005, he joined Stanford’s Electrical Engineering Department. His research interests include nano/micro electromechanical system design and fabrication technologies, with applications in energy conversion and biomolecular sensing. He was elected an IEEE Fellow in 1996 and a member of the U.S. National Academy of Engineering in 2005. He serves as the Faculty Director of the Stanford Nanofabrication Facility (SNF) and the Director of the U.S. National Nanotechnology Infrastructure Network (NNIN)."
74,Topic:Data-Driven Optimization,Speaker:Yinyu Ye,"Time:Wednesday, 14 May. 14:00-16:00pm",Location:Room K01 Guanghua Building 2,北京大学,https://eecs.pku.edu.cn/../info/1050/2134.htm,发布时间：2014-05-08,"Abstract：
We present several optimization models and algorithms dealing with uncertain, massive and/or structured data. Specifically, we discuss",
75,讲座：Generalized models for fading with diffuse scatter plus line-of-sight components,,时 间：2014年4月14日15:00,地 点：北京大学理科1号楼1126报告厅,北京大学,https://eecs.pku.edu.cn/../info/1050/2133.htm,发布时间：2014-04-09,"摘要
New applications, as well as user demands for improved quality of services, create a need for improved channel models and better understanding of existing channel models. In particular, high mobility wireless channels are sometimes not well characterized by the popular wireless channel models. This motivates revisiting some wireless channel models that may not have found widespread usage in the past, as well as developing new flexible models that extend popular methods in physical as well as intuitive ways. For example, while the Rayleigh fading model describes a diffuse multipath signal and the Rician fading model describes a diffuse propagation environment with a single line-of-sight (LOS) component, there may be applications where there are two or more specular waves (components), giving rise to the two-wave diffuse power model (TWDP) of Durgin, Rappaport and de Wolf. While it can represent many practical wireless communication systems and has obvious added flexibility, the mathematics of this model are complex, and in particular, computation of this model's infinite series solution is problematic for certain choices of channel parameters. This leads to the use of approximations for the relevant statistics and distributions. In this talk, we find exact infinite series solutions for the statistics and distributions of the TWDP wireless channel as well as efficient and precise recursive algorithms for their computation. The overall solution is efficient and precise for all practical values of channel parameters.",
76,洪小文：Datafication of the World: People and Physical Space,大家好！2014年4月2日（下周三）晚上6:45， 微软将在我校英杰交流中心阳光大厅开展“微软校园行”——微软亚洲研究院院长洪小文博士,时间：2014年4月2日（星期三）晚 6:45 – 8:30,地点：北京大学英杰交流中心,北京大学,https://eecs.pku.edu.cn/../info/1050/2132.htm,发布时间：2014-03-28,"摘要：
 近年来，大数据吸引越来越多的关注并逐渐成为一个炙手可热的话题。而事实上在过去的几十年中，数据一直被用来模型化、表征化以及更好地阐释现实世界。我们在使用大数据建立起模型来理解现实世界运行的机理的同时，也获得了与以往不同的全新视角去理解事物并对其未来的发展趋势做更好的预测，也有机会基于预测的结果做出相应的最佳应对措施。",
77,名家讲坛：SILICON FOR THE OPTICS-OF-EVERYTHING (O2E),报告人：姜培（Patrick Yin Chiang）,时间：2016年11月10日（星期四）14:30,地点：北京大学微纳电子学大厦103报告厅,北京大学,https://eecs.pku.edu.cn/../info/1050/2161.htm,发布时间：2016-11-07,"摘要：
Big data, internet-of-things, cloud computing, deep learning, autonomous vehicles… All of these cloud-computing applications require exponentially increasing bandwidth, resulting in the explosive growth in optical networking. For these optical I/O, the microchips and silicon photonics inside are critical innovations, as they directly affect the cost, size, power, bandwidth, scalability, and manufacturability. In this talk, I will describe the cross-disciplinary IC design in my Integrated Photonics group at Fudan University, exploring the frontiers of datacenter interconnect using optoelectronics and silicon photonics: (1)100G microring-WDM Si-photonics (ISSCC-2013, ISSCC-2015); (2)50G-PAM4 (OFC-2016, OFC-2017); (3) CMOS-Based 25G Laser Drivers / Receivers (JSSC-2015, SSC-2016).",
78,【北京大学海外名家讲学计划】MPI+MPI: Using MPI-3 Shared Memory as a MultiCore Programming System for Extreme Scale,"报告人：William Gropp, Thomas M. Siebel Chair in Computer Science, University of Illinois Urbana-Champaign",时间：2016年8月25日8:50 – 9:35,地点：中关新园1号楼（2层）科学报告厅,北京大学,https://eecs.pku.edu.cn/../info/1050/2160.htm,发布时间：2016-07-08,"摘要：MPI is widely used for parallel programming and enables programmers to achieve good performance. MPI also has a one-sided or put/get programming model. In MPI-3, this one-sided model was greatly expanded, including new atomic read-modify-write operations and new ways to synchronize one-sided communication. In addition, MPI-3 adds direct access to memory shared between processes. This talk discusses some of the opportunities and challenges in making use of this feature to program multicore processors, and alternatives using hybrid programming models such as MPI and threads.",
79,【北京大学海外名家讲学计划】MPI+MPI: Using MPI-3 Shared Memory as a MultiCore Programming System for Extreme Scale,"报告人：William Gropp, Thomas M. Siebel Chair in Computer Science, University of Illinois Urbana-Champaign",时间：2016年8月25日8:50 – 9:35,地点：中关新园1号楼（2层）科学报告厅,北京大学,https://eecs.pku.edu.cn/../info/1050/2159.htm,发布时间：2016-07-08,"摘要：MPI is widely used for parallel programming and enables programmers to achieve good performance. MPI also has a one-sided or put/get programming model. In MPI-3, this one-sided model was greatly expanded, including new atomic read-modify-write operations and new ways to synchronize one-sided communication. In addition, MPI-3 adds direct access to memory shared between processes. This talk discusses some of the opportunities and challenges in making use of this feature to program multicore processors, and alternatives using hybrid programming models such as MPI and threads.",
80,CECA Mini Summit on Computer Architecture,,2016年6月24日星期五10:00－17:00,理科二号楼2736室,北京大学,https://eecs.pku.edu.cn/../info/1050/2158.htm,发布时间：2016-06-21,,
81,Optimizing under Abstraction with the LEAP Memory System,主讲人：Dr. Joel Emer,时间：2016年6月14日星期二10:00am,地点：理科二号楼2736室,北京大学,https://eecs.pku.edu.cn/../info/1050/2157.htm,发布时间：2016-06-13,"Abstract:
FPGAs offer attractive power and performance for accelerating applications that originally ran on general-purpose processors. In spite of these advantages, FPGAs have been deployed in only a few, niche domains. We argue that the difficulty of programming FPGAs all but precludes their use in more general systems: FPGA programmers are exposed to all the gory system details that software operating systems long ago abstracted away.",
82,Optimizing under Abstraction with the LEAP Memory System,主讲人：Dr. Joel Emer,时间：2016年6月14日星期二10:00am,地点：理科二号楼2736室,北京大学,https://eecs.pku.edu.cn/../info/1050/2156.htm,发布时间：2016-06-13,"Abstract:
FPGAs offer attractive power and performance for accelerating applications that originally ran on general-purpose processors. In spite of these advantages, FPGAs have been deployed in only a few, niche domains. We argue that the difficulty of programming FPGAs all but precludes their use in more general systems: FPGA programmers are exposed to all the gory system details that software operating systems long ago abstracted away.",
83,演讲：Programming Should Be More Than Coding,北京大学“大学堂”顶尖学者讲学计划之2013图灵奖获得者Leslie Lamport博士,时间： 10月30日2:00-3:40,地点: 北京大学斯坦福中心,北京大学,https://eecs.pku.edu.cn/../info/1050/2155.htm,发布时间：2015-10-21,"摘要: Writing a program involves three tasks: 1. Deciding what the program should do. 2. Deciding how the program should do it. 3. Coding: Implementing these decisions in code. Too often, all three are combined into the process of coding. This talk explains why they should be separated, and discusses how to perform the first two.",
84,演讲：Programming Should Be More Than Coding,北京大学“大学堂”顶尖学者讲学计划之2013图灵奖获得者Leslie Lamport博士,时间： 10月30日2:00-3:40,地点: 北京大学斯坦福中心,北京大学,https://eecs.pku.edu.cn/../info/1050/2154.htm,发布时间：2015-10-21,"摘要: Writing a program involves three tasks: 1. Deciding what the program should do. 2. Deciding how the program should do it. 3. Coding: Implementing these decisions in code. Too often, all three are combined into the process of coding. This talk explains why they should be separated, and discusses how to perform the first two.",
85,9月16日： Molecular Engineering of Organic Semiconductors,主讲人：孟鸿 教授博士生导师,时间：2015年9月16日（星期三）19:00,地点：北京大学化学院A区205会议室,北京大学,https://eecs.pku.edu.cn/../info/1050/2153.htm,发布时间：2015-09-14,"摘要】


基于薄膜的有机电子设备,包括有机薄膜晶体管(OTFTs),有机发光二极管(oled),有机光电器件(OPV)和有机电致变色的设备在科研和工业生产中具有重大发展价值。有机半导体的性质直接受分子结构决定。本次讲座中会展示分子设计策略的最新研究工作，包括寻找用来生产OTFT的高迁移率的有机半导体，用于军事伪装的电致变色材料，用于钙钛矿太阳能电池的有能量控制的空穴迁移材料。",
86,9月16日： Molecular Engineering of Organic Semiconductors,主讲人：孟鸿 教授博士生导师,时间：2015年9月16日（星期三）19:00,地点：北京大学化学院A区205会议室,北京大学,https://eecs.pku.edu.cn/../info/1050/2152.htm,发布时间：2015-09-14,"摘要】


基于薄膜的有机电子设备,包括有机薄膜晶体管(OTFTs),有机发光二极管(oled),有机光电器件(OPV)和有机电致变色的设备在科研和工业生产中具有重大发展价值。有机半导体的性质直接受分子结构决定。本次讲座中会展示分子设计策略的最新研究工作，包括寻找用来生产OTFT的高迁移率的有机半导体，用于军事伪装的电致变色材料，用于钙钛矿太阳能电池的有能量控制的空穴迁移材料。",
87,海外名家讲学计划：Deduplication Storage Systems: Reducing Power and Space,,2015年8月26日 星期三 10:35am,中关新园1号楼集贤厅,北京大学,https://eecs.pku.edu.cn/../info/1050/2151.htm,发布时间：2015-08-25,"Abstract: Since deduplication storage system was introduced over ten years ago, it has changed the landscape of the storage industry. Disk-based deduplication storage systems can reduce the footprint of backup data by 10-30X. Today's flash-based deduplication storage systems can reduce most of their popular workloads by about 5X. Such reductions also dramatically reduce the energy requirements in data centers. This talk gives an overview of the basic deduplication techniques for building storage systems and a few case studies of commercially available deduplication storage systems.","Biography: Kai Li is a Paul M. Wythes & Marcia R. Wythes Professor at Princeton University, where he worked as a faculty member in the computer science department since 1986. He received his Ph.D. degree from Yale University, M.S. degree from Chinese Academy of Sciences, and B.S. degree from Jilin University. His research expertise is in operating systems, parallel and distributed systems, de-duplication storage systems, large display systems, and data analysis and search of large feature-rich data. He pioneered Shared Virtual Memory or Distributed Shared Memory (DSM) which allows shared-memory programming model on clusters of computers, which won the ACM SIGOPS Hall of Fame Award in 2012. He proposed user-level DMA mechanism for efficient cluster communication has evolved into the RDMA in the Infiniband standard. He co-led the ImageNet project which constructed a large image database and propelled deep learning methods. In 2001, He co-founded Data Domain, Inc. (now an EMC division) and led the innovation of deduplication storage system products to replace the tape libraries for backup and archive at enterprise data centers. Since 2008, Data Domain product line has maintained over 60% of the deduplication backup storage market. He is an ACM fellow, IEEE fellow and a member of National Academy of Engineering."
88,"海外名家讲学计划：Adaptive, Efficient, Parallel Execution of Parallel Program",,2015年8月26日 星期三 08:50am,中关新园1号楼集贤厅,北京大学,https://eecs.pku.edu.cn/../info/1050/2150.htm,发布时间：2015-08-25,"Abstract: Future parallel processors will be heterogeneous, be increasingly less reliable, and operate in dynamically changing operating conditions. This will result in a constantly varying pool of hardware resources which can greatly complicate the task of efficiently exposing a program's parallelism onto these resources. Coupled with this uncertainty is the diverse set of efficiency metrics that users may desire.",Biography: Guri Sohi has been a faculty member at the University of Wisconsin-Madison since 1985 where he currently a John P. Morgridge Professor and a Vilas Research Professor.
89,名家讲坛：基于自适应动态规划的非线性系统自学习控制方法,刘德荣，中国科学院自动化研究所研究员、复杂系统管理与控制国家重点实验室副主任。1982、1985年分别取得华东工学院机械工程学士学位和中国科学院自动化研究所自动控制理论及应用硕士学位，1994年取得美国圣母大学电机工程博士,时间：2015年7月12日（星期日）10:00,地点：北京大学理科1号楼1131教室,北京大学,https://eecs.pku.edu.cn/../info/1050/2149.htm,发布时间：2015-07-09,"摘要：


非线性系统的最优控制动态规划方法需要求解非线性Hamilton-Jacobi-Bellman（HJB）方程，离散时间的HJB方程由于需要求解非线性差分方程而难度更大。长期以来，动态规划方法虽然理论上可以求解非线性系统的最优控制，但是由于时间反向计算而产生的“维数灾”问题，实际问题中无法完成其超大的计算量。这里，提出一种求解动态规划方法求解HJB方程的自学习控制算法，称为自适应动态规划算法。该算法可以用来解决未知离散时间非线性系统的最优控制问题，同时给出了算法的收敛性证明。此外，算法的实现用到三个神经网络，在递推的每一步分别用来近似性能指标函数、最优控制律和未知非线性系统。仿真结果证明了自学习控制算法的有效性。",
90,专家讲座系列 第二十二讲 ---主讲人：林学民,主讲人：Prof. Lin Xuemin（林学民），The University of New South Wales,时间：2015年7月8日上午10:00地点：理科一号楼1131会议室,地点：理科一号楼1131会议室,北京大学,https://eecs.pku.edu.cn/../info/1050/2148.htm,发布时间：2015-07-02,"Abstract:Graphs are very important parts of Big Data and widely used for modeling complex structured data with a broad spectrum of applications such as biochemistry, bioinformatics, web search and social network, road network, etc. Over the last decade, tremendous research efforts have been devoted to many fundamental problems in managing and analyzing graph data. In this talk, I will present our recent series work in developing scalable techniques for processing primitive graph operators.",
91,7月6日：阿里巴巴技术高校行,阳振坤，1984年进入北京大学，先后获得数学学士和硕士学位以及计算机博士,时间： 2015年7月6日 19:00-21:00,地点：理科2号楼2129,北京大学,https://eecs.pku.edu.cn/../info/1050/2147.htm,发布时间：2015-07-02,摘要：OceanBase是阿里巴巴独立开发的分布式关系数据库，经过五年的发展，OceanBase已经支撑起了支付宝交易等核心金融和电子商务系统。众所周知，互联网公司的节奏非常快，不少项目从开始到完成常常只有几个星期的时间。而关系数据库则是一个比较复杂的底层系统，对稳定性、可靠性有很高的要求，需要以年计的开发和测试周期，因此两者之间有着很大的鸿沟。本次报告将与大家分享OceanBase在阿里巴巴发展的一些经验和教训。,
92,学术报告：南极科考、激光遥感以及重力波,报告人：初鑫钊,时间：2018年9月20日（周四）14:00-16:00,地点：理科二号楼2736,北京大学,https://eecs.pku.edu.cn/../info/1050/2176.htm,发布时间：2018-09-19,,
93,Explaining and Verifying AI Systems,特邀报告人：AdnanDarwiche,报告时间：2018年9月17日（星期一）,报告地点：北京大学理科二号楼2111室,北京大学,https://eecs.pku.edu.cn/../info/1050/2175.htm,发布时间：2018-09-14,,
94,量子飞跃：从神话传说、哲学到信息科技,主讲人介绍：,时间：2017年12月3日（周日），19:00-21:00,地点：二教107教室,北京大学,https://eecs.pku.edu.cn/../info/1050/2174.htm,发布时间：2017-11-27,,
95,海外名家讲座：Silicon Photonics,特邀报告人：Prof.John E.Bowers,报告时间：2017年10月27日（星期五）14:00-17:00,报告地点：北京大学理科二号楼2736,北京大学,https://eecs.pku.edu.cn/../info/1050/2173.htm,发布时间：2017-10-23,,
96,"Data engineering as a framework for big data, mechatronics and internet of things",报告人：Saman K. Halgamuge教授（澳大利亚国立大学）,时间：2017年10月23日（星期一）10:10 - 11:10,地点：北京大学理科二号楼2135会议室,北京大学,https://eecs.pku.edu.cn/../info/1050/2172.htm,发布时间：2017-10-20,"摘要：
Data Engineering promotes an engineering approach to analyze big “imperfect” data by creating and using new algorithms of Deep Learning, appropriate electronic hardware platforms and mechanical/mechatronic/chemical-based approaches to interrogate and acquire missing data or information using smart sensing and network control. This seminar will focus on the paradigm of data engineering and provide example algorithms and applications in health and energy, for example, 1) neural engineering 2) energy: operational optimization of smart grids and data center management 3) Control over a Network 4) biomedical engineering.",
97,名家讲坛：Big-Data Analytics for Cloud Computing in Social and Cognitive Applications,报告人：Kai Hwang (University of Southern California),时间：2017年6月8日（星期四）15:00 - 16:30,地点：北京大学理科二号楼2135室,北京大学,https://eecs.pku.edu.cn/../info/1050/2171.htm,发布时间：2017-08-25,"摘要：
In this talk, Dr. Hwang addresses the pervasive use of big-data analytics on smart clouds, social networks, intelligent robots, and IoT platforms. He will assess machine/deep learning models and available software tools to advance the cognitive service industry represented by Google, Microsoft, Apple, Facebook, Baidu, IBM, Huawei, etc. The ultimate goal is to achieve enhanced agility, mobility, security, and scalability of public clouds, IoT platforms, and social-media networks.",
98,伦敦帝国理工学院宣讲会通知,,时间：2016年7月26日（星期二）08:30—12:00,地点：北京大学微纳电子大厦103会议室,北京大学,https://eecs.pku.edu.cn/../info/1050/2170.htm,发布时间：2017-08-25,,
99,主题：EndNote X8的高效利用,主讲人： 郭杨 女士,4月13日下午2点,图书馆北配楼,北京大学,https://eecs.pku.edu.cn/../info/1050/2169.htm,发布时间：2017-03-28,,
100,北京大学信息学院公告通知,,时间：2016年7月26日（星期二）08:30—12:00,地点：北京大学微纳电子大厦103会议室,北京大学,https://eecs.pku.edu.cn/../info/1050/2168.htm,发布时间：2017-03-21,,
101,国际光流控国际研讨会通知,,时间：2016年7月26日（星期二）08:30—12:00,地点：北京大学微纳电子大厦103会议室,北京大学,https://eecs.pku.edu.cn/../info/1050/2167.htm,发布时间：2017-03-21,,
102,名家讲坛：Computer Assisted Mathematical Proofs: Improving Automation Using Machine Learning,报告人：Prof. Herman Geuvers,时间：2016年11月17日（星期四）15:30-16:30,地点：北京大学理科二号楼2736报告厅,北京大学,https://eecs.pku.edu.cn/../info/1050/2166.htm,发布时间：2016-11-17,"摘要：
Mathematical proofs get more and more difficult and complex. At the same time more and more computer systems (software and hardware) can be verified rigidly using mathematical proof, so there is an increasing request for completely verified mathematical proofs. The field of Computer Assisted Mathematical Proofs fills this gap by allowing users to create complete mathematical proofs, interactively with the computer, where the computer checks each small reasoning step.",
103,名家讲坛：Computer Assisted Mathematical Proofs: Improving Automation Using Machine Learning,报告人：Prof. Herman Geuvers,时间：2016年11月17日（星期四）15:30-16:30报告地点：北京大学理科二号楼2736报告厅,地点：北京大学理科二号楼2736报告厅,北京大学,https://eecs.pku.edu.cn/../info/1050/2165.htm,发布时间：2016-11-14,"摘要：
Mathematical proofs get more and more difficult and complex. At the same time more and more computer systems (software and hardware) can be verified rigidly using mathematical proof, so there is an increasing request for completely verified mathematical proofs. The field of Computer Assisted Mathematical Proofs fills this gap by allowing users to create complete mathematical proofs, interactively with the computer, where the computer checks each small reasoning step.",
104,名家讲坛：青年学者如何在信息高科技产业里自主创业创新,报告人：史方,时间：2016年11月10日（星期四）14:30,地点：北京大学微纳电子学大厦103报告厅,北京大学,https://eecs.pku.edu.cn/../info/1050/2164.htm,发布时间：2016-11-07,,
105,名家讲坛：SILICON FOR THE OPTICS-OF-EVERYTHING (O2E),报告人：姜培（Patrick Yin Chiang）,时间：2016年11月10日（星期四）14:30,地点：北京大学微纳电子学大厦103报告厅,北京大学,https://eecs.pku.edu.cn/../info/1050/2163.htm,发布时间：2016-11-07,"摘要：
Big data, internet-of-things, cloud computing, deep learning, autonomous vehicles… All of these cloud-computing applications require exponentially increasing bandwidth, resulting in the explosive growth in optical networking. For these optical I/O, the microchips and silicon photonics inside are critical innovations, as they directly affect the cost, size, power, bandwidth, scalability, and manufacturability. In this talk, I will describe the cross-disciplinary IC design in my Integrated Photonics group at Fudan University, exploring the frontiers of datacenter interconnect using optoelectronics and silicon photonics: (1) 100G microring-WDM Si-photonics (ISSCC-2013, ISSCC-2015); (2) 50G-PAM4 (OFC-2016, OFC-2017); (3) CMOS-Based 25G Laser Drivers / Receivers (JSSC-2015, SSC-2016).",
106,名家讲坛：青年学者如何在信息高科技产业里自主创业创新,报告人：史方,时间：2016年11月10日（星期四）14:30,地点：北京大学微纳电子学大厦103报告厅,北京大学,https://eecs.pku.edu.cn/../info/1050/2162.htm,发布时间：2016-11-07,,
107,半导体技术创新史和未来趋势,Jeff Xu,①时间：2021年10月8日（周五）14:00-16:00,9地点：北京大学理科二号楼2736报告厅,北京大学,https://eecs.pku.edu.cn/../info/1050/2191.htm,发布时间：2021-09-27,半导体材料从19世纪初第一次被发现到20世纪中晶体管的发明，垫定了人类现代文明的基础。摩尔定律经历了黄金35年(1965年－2000年)后，转入以创新和设计、技术协同优化(DTCO)辅助下的摩尔定律2.0。进入21世纪20年代，摩尔定律已经逼近极限。同时，冯·诺伊曼在1946年提出来的计算架构也遇到瓶颈，即Memory Wall问题。Monolithic3D的超高密度新型存储器的实现可以提供更大的带宽和更低的功耗，是MemoryWall的解决方案。在此基础上开发的NearMemoryComputing架构可以作为改良的冯·诺伊曼架构给计算领域带来一次革命。低亚阈值摆幅晶体管的开发，加上未来氧化物半导体和低维半导体材料的商用有机会进一步提高芯片性能和降低功耗。半导体技术将从最初的尺寸微缩转变到以芯片单位面积功能扩展为中心来提高芯片系统性能，并支持今后20年无处不在的计算需求。,Jeff Xu现任海思研究部部长，复旦大学兼职教授。Jeff毕业于复旦大学物理系，并获得瑞典皇家理工学院物理学博士学位。博士毕业后，Jeff加入美国英特尔研发部门并开始了他的半导体技术的职业生涯。在英特尔工作10年后，他加入了位于台湾新竹的台积电研发部门并在那里工作了7年。在加入海思之前，Jeff也在美国高通工作了4年。Jeff拥有100多个半导体技术方面的专利，其中多个高价值专利已经应用在他服务过的公司产品中。欢迎各位老师、同学参加！关注电子学系微信公众号，了解更多讲座信息！
108,光的极限探测及其在空间的应用,王建宇院士,?时间：2021年6月25日（周五）14:00-16:00,地点：北京大学理科二号楼2736报告厅,北京大学,https://eecs.pku.edu.cn/../info/1050/2190.htm,发布时间：2021-06-21,光子是光能量的最小单元，现代科技的发展，可以对每一个光子进行探测并测量其多项物理特征，报告将介绍光子的探测和在空间的多项应用，包括光子和光的极限探测、光子探测在激光雷达中的应用、光子探测在自由空间量子通信中的应用、光子探测在光子通信中的应用。,王建宇，中国科学院院士、中国科学院上海技术物理研究所研究员、中科院空间主动光电技术重点实验室主任、量子科学实验卫星工程常务副总设计师、空间引力波探测技术实验卫星工程总师、任COSBAR中国委员会委员、SPIE亚太遥感会议/多光谱、超光谱遥感技术和应用会议主席，是我国空间光学藏荷、光电探测方面的薯名专家承担并成多项包括国家探月工程、863计划在内的重大课题，在光电探多项具有国际先进水平的研究成果。编著著作一部，发表论文100多有发明专利60多项。先后获国家技术发明二等奖2项、科技进步二、，三等奖各1项，中国科学院杰出成就奖2次，获全国五一劳动奖章”，国家“百千万人才工程”入选者，曾被评为上海市科技精英、上海市优秀科研院所长等。欢迎各老师、同学参加！关注电子学系微信公众号，了解更多讲座信息！
109,电磁空间的表征和调控,崔铁军院士,①时间：2021年6月18日（周五）14:00-16:00,9地点：北京大学理科二号楼2736报告厅,北京大学,https://eecs.pku.edu.cn/../info/1050/2189.htm,发布时间：2021-06-15,电磁空间的准确表征、调控与利用对国防及国民经济均具有战略意义。本报告主要阐述电磁空间的准确表征、信息超材料（包括数字编码超材料、可编程超材料、软件超材料和智能超材料）对电磁空间波场和数字信息的实时调控、基于信息超材料的电磁信息论及简化电子信息系统架构。着重讨论电磁空间在国民经济建设中的应用前景，包括为无人驾驶和车联网构建毫米波地图、为5G和6G无线通信构建准确的通信模型及定制信道等。,崔铁军，中国科学院院士，东南大学首席教授，IEEEFelloW，长期从事电磁超材料和计算电磁学的研究工作。创建了信息超材料新体系，开发了自主可控的电磁专用仿真软件，取得了显著的经济效益与社会效益。研究成果入选2010年中国科学十大进展，作为第一完成人获2011年教育部自然科学一等奖、2014年国家自然科学二等奖、2016年军队科学技术进步一等奖、及2018年国家自然科学二等奖。欢迎各位老师、同学参加！关注电子学系微信公众号，了解更多讲座信息！
110,合成孔径雷达微波视觉三维成像,丁赤飚研究员,时间：2021年6月11日（周五）14：00-16：00,地点：北京大学理科二号楼2736报告厅,北京大学,https://eecs.pku.edu.cn/../info/1050/2188.htm,发布时间：2021-06-07,合成孔径雷达（SAR）可以全天时、全天候获取地面高分辨率影像，广泛应用于测绘、资源、环境、减灾和国防安全等领域。传统SAR是二维成像系统，SAR三维成像是当前国际雷达领域的前沿研究方向。本报告将简要介绍SAR成像原理，分析当前SAR三维成像技术体制的特点和面临的挑战，提出“SAR微波视觉三维成像”的概念，力图将计算电磁学、计算机视觉和雷达信号处理三大学科有机结合，为SAR三维成像开辟新的技术途径。阐述SAR微波视觉三维成像的关键科学问题和阶段性研究进展。,丁赤飚，中国科学院空天信息创新研究院副院长、微波成像技术国家重点实验室主任，《雷达学报》主编。主要从事新体制SAR技术研究，在SAR高分辨率、干涉、三维成像理论和系统技术方面取得多项创新成果，获国家科技进步一等奖2项（排1、2）、国家技术发明二等奖1项（排1）、中国科学院杰出成就奖。授权国家发明专利59项，出版专著3部，发表论文200余篇，主持制定我国牵头的第一个SAR国际标准。欢迎各位老师、同学参加！关注电子学系微信公众号，了解更多讲座信息！
111,大功率与超高频GaN微波功率器件,陈堂胜研究员,①时间：2021年6月4日（周五）14:00-16:00,9地点：北京大学理科二号楼2736报告厅,北京大学,https://eecs.pku.edu.cn/../info/1050/2187.htm,发布时间：2021-05-31,近年来三代半导体GaN微波功率器件在军民领域得到广泛应用，但器件性能优势还有待进一步发掘。与金刚石结合解决器件散热问题实现更高输出功率密度以及采用新型异质结结合低寄生35nm栅长工艺提高器件工作频率是GaN微波功率器件发展的主要方向。报告将给出近期研究结果，分析存在的问题，提出继续努力的技术途径。,1986年、1989年毕业于西安交通大学半导体物理与器件专业，分别获学士和硕士学位，研究员级高级工程师，现任中国电子科技集团公司工艺制造领域首席科学家，砷化镓微波毫米波单片和模块电路国防科技重点实验室主任。长期从事化合物半导体微波功率器件和单片电路工艺技术研究，研究兴趣包括半导体异质集成技术、THz器件技术等。欢迎各位老师、同学参加！关注电子学系微信公众号，了解更多讲座信息！
112,新体制民用雷达系统理论与关键技术,龙腾教授,时间：2021年5月28日（周五）10:00-12:00,9地点：北京大学理科二号楼2736报告厅,北京大学,https://eecs.pku.edu.cn/../info/1050/2186.htm,发布时间：2021-05-24,本报告首先简要介绍了雷达的基本概念与发展历程，并概述了北京理工大学在雷达领域的研究概况和历史；然后，面向民用雷达技术与产业发展的重大需求，介绍了雷达成像探测系统、微小目标探测系统和航天遥感技术等几种典型新体制民用雷达技术的研究进展与应用成果；并着重讨论了其关键科学问题与解决方案，预测了其在技术与产业的发展前景；最后，对未来雷达探测的新机理（如量子雷达、凝视成像雷达等）、新技术和新趋势（如微波光子雷达、软件化、智能化、芯片化。等）等进行了展望。,"北京理工大学党委常委、常务副校长。北京理工大学信息与通信工程学科教授、博士生导师。研究方向：新体制雷达与实时信息处理。国际宇航科学院通讯院士、俄罗斯工程院外籍院士、美国IEEEFelloW、英国IETFelloW、中国电子学会会士。曾获全国创新争先奖章、何梁何利基金科学与技术进步奖、IEEE信息物理系统专业委员会杰出领导力奖、北京十大杰出青年等奖励和荣誉。担任中国指挥控制学会副理事长、中国电子学会常务理事、中国仪器仪表学会常务理事，中国电子学会/中国仪器仪表学会信号处理分会主任委员、中国电子学会国际合作工作委员会主任委员。国务院学位委员会第七、第八届学科评议组成员。曾任教育部长江学者特聘教授、973项目技术首席、863重点项目首席专家，曾获国家杰出青年科学基金项目资助。出版学术著作3本，发表SCI检索论文130余篇；牵头授权发明专利50余项；获国家技术发明奖二等奖2项、省部级发明特等奖1项(均排名第一),省部级一、二、 三等奖共8项。创办了IET国际雷达会议和IEEE信号信息与数据处理国际会议，作为中国学者首次在IET雷达、声呐、导航期刊撰写editorial，并受邀在多个国际会议上作大会报告。欢迎各值老师、同学参加！关注电子学系微信公众号，了解更多讲座信息！"
113,国际基本单位常数化和中国计量院的应对研究,精测试李天初院士,①时间：2021年5月21日（周五）14:00-16:00,9地点：北京大学理科二号楼2736报告厅,北京大学,https://eecs.pku.edu.cn/../info/1050/2185.htm,发布时间：2021-05-17,介绍国际单位制(SI)七个基本单位中时间单位秒(s)，长度单位米(m)的量子化-常数化演变理念，以中国计量院的研究为例说明它们的复现方法和发展趋势。简要介绍2018年第16届国际计量大会（CGPM)通过的电流单位安培(A)，温度单位开尔文(K)，质量单位千克(kg)和物质量单位摩尔(mol)常数化定义及其复现方法。,李天初，1970年清华大学毕业，1981年在中国计量科学研究院获硕士1991年在清华大学获博士学位。1981年以来在中国计量院从事时间频率，原子重力，激光光谱，光电子和光干涉计量研究。2011年当选中国工程院院士。现任中国计量院研究员、北京理工大学、清华大学兼职教授、中国科技大学仪器系名义主任。发表同行评审的主要论文60余篇。欢迎各位老师、同学参加！关注电子学系微信公众号，了解更多讲座信息！
114,宽禁带与超宽禁带半导体科技的若干新进展,郝跃院士,①时间：2021年5月14日（周五）14：00-16：00,〇地点：北京大学理科二号楼2129报告厅,北京大学,https://eecs.pku.edu.cn/../info/1050/2184.htm,发布时间：2021-05-10,面对全球能源、信息和环保领域面临的一系列重大挑战，发展新型高能效半导体电子器件十分必要和迫切。宽禁带和超宽禁带半导体材料和器件是当前和未来重要的研究领域和有挑战性的方向，是高能效电子器件发展的重要代表。本报告论述了宽禁带和超宽禁带半导体的机遇与挑战，给出了该领域的最新科技新进展，并展望未来发展的新方向。,郝跃，中国科学院院士，著名微电子学专家，西安电子科技大学教授和学校学术委员会主任，全国政协委员，中国电子学会副理事长。长期从事微电子学与固体电子学的科学研究与人才培养，在宽禁带和超宽禁带半导体材料与器件、微波和毫米波半导体器件、集成电路新器件和新材料等方面取得了系统的创新成果。2013年当选中国科学院院士，目前兼任国家自然科学基金委员会信息科学部主任，国务院学位委员会电子科学与技术学科评议组召集人，教育部高等院校电子信息类专业教学指导委员会主任。欢迎各位老师、同学参加！关注电子学系微信公众号，了解更多讲座信息！
115,单分子电子学的初心和展望,洪文晶教授,①时间：2021年5月7日（星期五）14:00-16:00,地点：北京大学理科二号楼2736报告厅,北京大学,https://eecs.pku.edu.cn/../info/1050/2183.htm,发布时间：2021-05-04,"With the development and scaling down-ward of electronic devices, the dimension ofelectronic device has shrunk down to nanome-ter scale. Molecular electronics is an importantsubject of nanoelectronics, which will utilizerich varieties of organic and inorganic molecu-lar materials as the functioning electronicBreakJunctiocomponent to realize the electronic behaviorsas conventional electronic devices.""More Moore"" : The original goal of molecular electronics is to build functional molecules from atomic level,and then to build electronic devices and circuits from the individual molecules. Towards this goal, quantum inter-ference effect in the charge transport through single-molecule junction enables potential higher switching ratioand even lower subthreshold swing than traditional transistors when leads to the single-molecule transistors.However, the stability and the integration of multiple devices on chip remained as a major challenge for the fabrication of“molecular circuits""tive analysis of the molecular physical-chemical process by counting the number of molecuies. n this talk, I willshare our recent effort towards quantitative analysis of the reaction rate, adsorption free energy, isomerization,the movement manipulation of molecules, and even the assembly of molecules at the scale of single or severalmolecules.As perspective, recent advances of molecular electronics will lead to their device application on the field of sensors and thermoelectric devices in the next ten years.",洪文晶，厦门大学化学化工学院/人工智能研究院教授、化学化工学院副院长，国家高层次青年人才项目、基金委优秀青年科学基金入选者，兼任嘉庚创新实验室主任助理。主要从事面向战略新兴产业的碳基电子器件研究和工业智能研发，开展化学工程与智能科学、新材料、电子器件等领域相融合的前沿交叉研究。作为通讯或共同通讯作者发表论文68篇，包括Nat.Mater.、Sci.Adv.和科学通报等国内外重要期刊论文，作为独立通讯作者受邀在Acc．Chem．Res，Chem。Soc．Rev.和Adv.Mater.等发表综述，论文总他引五千余次，出版专著1部，授权发明专利6项，开发的精密科学仪器进入国内外十余个顶尖科研单位。主持建设亚洲首座、各项指标达到国际领先水平、面向半导体和新材料产业的无噪声精密加工和表征实验室，牵头建设了“智能过程监测、控制与优化”创新团队和5个千万级和百万级校企研发中心。欢迎各位老师、同学参加！关注电子学系微信公众号，了解更多讲座信息！
116,集成微波光子技术,刘建国研究员,时间：2021年4月23日（周五）14：00-16：00,地点：北京大学理科二号楼2736报告厅,北京大学,https://eecs.pku.edu.cn/../info/1050/2182.htm,发布时间：2021-04-20,微波光子技术由于融合了光子的宽带、并行、低损耗和微波的灵活、精细、易调控等优势，被认为是下一代信息系统的颠覆性技术。2014年《Nature》上首次报道了具有划时代意义的微波光子雷达，标志着基于微波光子技术可以实现系统级全链条拉通，随后俄罗斯、中国多家研究团队相继报道了微波光子雷达。2019年《NaturePhotonics》报道指出：微波光子技术未来必然向集成化方向发展。本报告重点阐述了中科院半导体研究所智能光子团队在集成微波光子器件与工程应用方面的研究进展，并对未来集成微波光子的发展方向和发展模式进行了思考和尝试。,刘建国研究员是2016年度国家杰出青年基金获得者，在高性能光电子器件与集成微波光子方面取得多项实质性创新性成果，支撑了国家十余个重大工程应用。发表SCI论文100余篇，获授权发明专利近100项，出版专著2部，提交标准草案2份，获军队一等奖两次（个人排名第1，第2）、国家发明二等奖一次（个人排（’）一（欢迎各值老师、同学参加！关注电子学系微信公众号，了解更多讲座信息！
117,PNT与时空基准,韩春好研究员,①时间：2021年4月16日（周五）14:00-16:00,9地点：北京大学理科二号楼2736报告厅,北京大学,https://eecs.pku.edu.cn/../info/1050/2181.htm,发布时间：2021-04-13,讨论时空参考系和PNT的基本概念、时间频率的重要性和技术发展状况介绍北斗卫星导航系统的时间空间基准和时间同步技术创新，并对相关问题进行分析讨论。,"韩春好，博士、研究员、博士生导师。长期从事相对论时空参考系、卫星导航及时间频率领域的教学科研和工程研制建设工作，曾任IAU/BIPM""计量学与时空参考系相对论”联合委员会成员，ITU""UTC未来”议题中方代表、亚太电联协调人和起草组主席。主持国家和军队重大项目多项，荣获“新中国军事测绘60年突出贡献奖”、“中国天文学会90年突出贡献奖”、“北斗二号工程建设突出贡献奖”、“时间频率领域杰出贡献奖享受国务院政府特贴，代表作《时空测量原理》。欢迎各值老师、同学参加！关注电子学系微信公众号，了解更多讲座信息！"
118,集成电路的创新与发展,刘明‧院士,时间：2021年4月9日（周五）14:00-16:00,地点：北京大学理科二号楼2736报告厅,北京大学,https://eecs.pku.edu.cn/../info/1050/2180.htm,发布时间：2021-04-06,晶体管和集成电路是20世纪下半叶最大的技术革命。近50年来，集成电路技术沿着摩尔定律往前发展，影响了整个人类社会和我们的日常生活。然而当主流集成电路技术达到3nm节点时，由器件微缩带来的芯片性能提升趋于饱和，成本红利消失，未来基础器件和集成技术的创新将成为集成电路发展的重要推动力。,刘明，中国科学院微电子研究所研究员，IEEEFellow，中国科学院院士，发展中国家科学院院士。1985和1988年分别获得合肥工业大学学士和硕士学位，1998年获得北京航空航天大学博士学位。长期从事微电子科学技术领域的研究，研究兴趣包括新型存储器、新型计算等。欢迎各值老师、同学参加！关注电子学系微信公众号，了解更多讲座信息！
119,图灵奖获得者Robert Kahn北京大学学术报告,报告人简介：,时间：10月11日（周五）9:30—10:30 中关新园1号楼科学报告厅,时间：10月11日（周五）9:30—10:30 中关新园1号楼科学报告厅,北京大学,https://eecs.pku.edu.cn/../info/1050/2179.htm,发布时间：2019-10-09,,
120,人工智能时代：现状与思考,刘譞哲老师是北京大学信息科学技术学院副教授，博士,时间：4月8日（周一）18:40-20:30,地点：二教或理教教室（报名后通知）,北京大学,https://eecs.pku.edu.cn/../info/1050/2178.htm,发布时间：2019-04-06,,
121,名家讲坛：Automated Driving and Connected Vehicles,,报告时间：2018年11月27日（星期二）10:00－12:00,报告地点：北京大学理科二号楼2736会议室,北京大学,https://eecs.pku.edu.cn/../info/1050/2177.htm,发布时间：2018-11-26,,
122,软件定义的云计算系统,金鑫,时间11月11日（周五）19:00,地点北京大学教319,北京大学,https://eecs.pku.edu.cn/../info/1050/5333.htm,发布时间：2022-11-10,,北京大字计算机字院研究员、博士生导师，研究方向为系统软件，主要包括软件定义数据中心、泛在操作系统、云计算。
123,高性能芯片设计桥接智慧与现实,唐希源,时间11月4日（周五）19:00,地点北京大学微纳电子大厦一楼报告厅,北京大学,https://eecs.pku.edu.cn/../info/1050/5311.htm,发布时间：2022-11-03,,北京大学博雅青年学者集成电路学院/AI研究院研究员、助理教授。主要从事高性能模拟混合信号前端数据转换器，及人工智能芯片的科研，升于2020年获得IEEESScS Rising StarsAward。他于2012年和2019年在上海交通大学UTAustin获得学士博士学位。此前他在模拟顶尖设计公司SiliconLabs主持ADC设计，分别子90nm、40nm实现高量产。
124,处理器芯片塑造智能世界,StevenGuo,时间：2022年10月28日18:40-20:30,地点：北京大学理教208,北京大学,https://eecs.pku.edu.cn/../info/1050/5291.htm,发布时间：2022-10-25,介绍集成电路的典型代表一处理器芯片的众多应用场景，通过分析多样化的应用需求，展现集成电路领域的前沿发展趋势，表明未来需要更多跨领域的人才合作创新，共同推动技术进步。,华为高级技术专家
125,人工智能技术与应用发展趋势,周畅,时间：10月21日（周五）18：40,地点：北京大学理教208,北京大学,https://eecs.pku.edu.cn/../info/1050/5274.htm,发布时间：2022-10-18,摩院智能计算实验室，自前担任高级算法专家，研究兴趣包括表征学习、多模态预训练、推荐系统。目前已在机器学习、数据挖掘、数据库领域国际顶级会议（CCF-A类）上发表30余篇文章品带领团队研发了十万亿多模态预训练模型M6系列，以及通用多模态AI模型OFA系列；研发了大规模GNN训练平台AliGraph，获得中国电子学会科学技术进步奖一等奖；同时在大规模用户商品表征、！长期记忆建模、内容行为理解方面也有丰富的技术探索和落地工作。,周畅，2017年北大博士毕业加入阿里巴巴达
126,超低功耗晶体管后摩尔时代集成电路发展新基石,黄芊芊,时间10月14日（周五）19:00,地点北京大学微纳电子大厦一楼报告厅,北京大学,https://eecs.pku.edu.cn/../info/1050/5261.htm,发布时间：2022-10-12,,北京大学集成电路学院研究员、博士生导师，担住国家重总研发计划专项课题、家自然科孚基金“集成电路3~5纳米节点器件基础问题研究”应急管理项目、国家优青等项目负责人。曾获中国青年女科孚家奖、科学探素奖、是杰出青年学者奖、IEEE电子器件学会青年成就奖等重要奖励和荣套
127,新形态显示屏技术,康佳昊,时间10月7日（周五）19:00,地点北京大学二教319,北京大学,https://eecs.pku.edu.cn/../info/1050/5254.htm,发布时间：2022-10-06,,北京大学博雅青年学者电子学院碳基电子学研究中心研究员、助理教授柔性电子的研究，包括柔性显示、传感器等
128,信息科学技术学院,童飞,时间：9月30日（周五）17-18点,地点：北京大学理教208教室,北京大学,https://eecs.pku.edu.cn/../info/1050/5244.htm,发布时间：2022-09-27,地点：北京大学理教208教室19童飞华为公司6级技术专家，云核心网产品线分组网关产品软件总工，云核心网北研分部首席软件专家。2007年加入华为，在分组网关领域具有丰富的产品架构和款件设计、研发经验。曾主持高性能网关3/4/5G软件架构演进规划、设计和开发，构建5GC可编程用户面软件架构，成功支持运营商亿级海量用户大规模商用。,时间：9月30日（周五）17-18点
129,光子芯片下一代信息量命的关键技术,常林,时间9月23日（周五）19:00,地点北京大学二教319,北京大学,https://eecs.pku.edu.cn/../info/1050/5253.htm,发布时间：2022-09-20,,北京大学博雅青年学者，电子学院研究员、助理教授，担任科技部重点研发计划首席科学家，北京市基金委重点顶自首常科字家，主要事集成光字子的研究，包括半导体激光器微腔光频梳、量子光学等
130,信息科学技术学院,百度AI人才战略与实践,时间：9月16日（周五）19点,地点：北京大学理教208,北京大学,https://eecs.pku.edu.cn/../info/1050/5231.htm,发布时间：2022-09-09,地点：北京大学理教208刘磊百度公司高校合作部高级经理，中国计算机学会（CCF）高级会员，全国高等院校计算机基础教育研究会（AFCEC）教育创新与产教融合专委会委员，多所高校企业导师。在互联网、大数据、人工智能等领域发表论文十余篇。长期负责产学研合作，策划与管理品牌项目，促成数以百计的战略合作和深度合作，助力人才培养和产教融合生态共建。,时间：9月16日（周五）19点
131,光波技术物理特质及其应用,罗毅教授,时间：2021年11月19日（周五）14:00-16:00,９地点：线上，腾讯会议ID：916589216,北京大学,https://eecs.pku.edu.cn/../info/1050/2197.htm,发布时间：2021-11-15,光具有波粒二象性，基于波动性它有巨大的信息容量；基于波动性与粒子性共有特质它有至少二维并行的特性。光提供了高速、高效信息传输与处理的空间，即光是信息传输与处理的理想媒质。本报告拟基于光波技术的物理特质并结合作者的科研工作，探讨光波在信息技术方面的应用，包括：从光的大带宽优势出发研究高速光电子器件、从光的并行性优势出发研究基于非成像光学的光能量传递与映射、从光的波动性出发研究基于光波衍射性质的激光雷达等。,罗毅，1983年毕业于清华大学电子工程系，1990年在日本东京大学获博士学位1999年任教育部长江特聘教授。1997-2012年连续三届担任集成光电子学国家重点联合实验室主任，现任北京信息科学与技术国家研究中心副主任。主要研究化合物半导体光电子器件及其集成应用技术，包括激光器、LED、光调制器、光探测器，及其在光纤通信、宽带信息感知、半导体照明等领域的应用。作为第一完成人获得国家技术发明二等奖三项，作为第二完成人获得国家科技进步二等奖一项。发表第一/通讯作者SCI学术论文98篇，论文总他引4566次。以第一完成人授权发明专利12项，技术转让入校经费2800余万元。欢迎各位老师、同学参加！关注电子学系微信公众号，了解更多讲座信息！
132,光纤时频同步及应用,王波长聘副教授,时间：2021年11月12日（周五）14:00-16:00,O地点：北京大学理科二号楼2736报告厅,北京大学,https://eecs.pku.edu.cn/../info/1050/2196.htm,发布时间：2021-11-09,报告将简要回顾光纤时频同步技术的发展过程；课题组光纤时标、频率、相位同步技术的基本思路及仪器设备研发情况。在应用拓展方面做以下介绍：（1）利用自行研发的光纤频率传输仪，构建了连接清华大学与北京卫星导航中心、中国计量院、北京无线电计量测试研究所4个单位的北京时频同步实验网，可实现上述单位氢原子钟的实时常态化比对，并进一步生成区域综合自由原子时。（2）为国际大科学工程-平方公里阵（SKA），以及英国本土e-merlin射电望远镜阵列提供频率同步设备。（3）利用城市光缆网络进行振动监测的初步结果-时移方差增强的激光干涉定位技术。,王波，清华大学精仪系长聘副教授。现任精仪系仪器所副所长，光子测控技术教育部重点实验室副主任，SKA Consultant Leads committee member，SKA低频阵频率同步任务牵头人。OSA Senior member，IEEE Senior member。长期从事时间频率精密测量的实验和理论研究。作为项目负责人承担国家重点研发计划项目、国家重大科学仪器设备开发专项课题、自然基金面上项目、创新特区项目等项目或课题9项。发表SCI论文70余篇。曾获中国计量测试学会科技进步一等奖（第二完成人）。主讲本科生课程《量子计量原理及应用》、《测控技术与仪器专业认知》。欢迎各位老师、同学参加！关注电子学系微信公众号，了解更多讲座信息！
133,媒体数据内容安全,赵耀教授,时间：2021年11月5日（周五）14:00-16:00,O地点：北京大学理科二号楼2736报告厅,北京大学,https://eecs.pku.edu.cn/../info/1050/2195.htm,发布时间：2021-11-01,"数字媒体的完美拷贝特性使其版权问题凸显，随着photoshop等图像编辑工具的广泛应用，特别是近年来deepfake等Al换脸工具的出现，又使其内容很容易被篡改，媒体内容的安全发发可危。可逆信息隐藏技术是一种能将秘密信息隐藏在媒体数据中以实现信息的秘密通信、版权和内容真实性认证等目的，并可以在提取秘密信息后恢复原始载体的一类信息隐藏技术，该技术得到了国内外学者的广泛关注。本报告将介绍可逆信息隐藏的基本概念，回顾其典型的嵌入方法，并详细介绍本实验室最近的相关成果（Pairwise PEE,Adaptive Pairwise PEE，基于多直方图的JPEG域可逆水印技术）。",赵耀，长江学者特聘教授、国家杰出青年科学基金获得者、万人计划科技创新领军人才。现任北京交通大学信息科学研究所所长，“现代信息科学与网络技术”北京市重点实验室主任。研究领域为数字媒体信息处理与智能分析，包括图像\视频压缩，数媒体内容安全，媒体内容分析与理解，人工智能等。主持了国家重点研发计划、973计划等课题30余项。在包括IEEETrans.等国内外期刊、会议上发表论文200余篇。作为第一完成人获北京市科学技术奖一等奖等省部级奖励4项。指导的博士生7人获北京市和中国计算机学会优秀博士论文奖。受邀担任了IEEE Transactions on Cybernetics、IEEE Transactions on Circuits and Systems for Video Technology等多个国际杂志编委。国务院学科评议组成员，科技部重点研发计划云计算与大数据专项总体组专家。欢迎各位老师、同学参加！关注电子学系微信公众号，了解更多讲座信息！
134,基于高性能激光器与非线性器件的光子芯片技术,常林特聘研究员,①时间：2021年10月29日（周五）14:00-16:00,9地点：北京大学理科二号楼2736报告厅,北京大学,https://eecs.pku.edu.cn/../info/1050/2194.htm,发布时间：2021-10-26,光子芯片技术由于其在性能和规模化生产上的巨大优势，已被公认为下一代芯片产业和信息革命的核心技术之一。然而，目前主流的基于纯硅的光子芯片，由于受到发光和频率混合功能的制约，其性能和应用范围均有着很大的局限性。本次报告将围绕集成高性能激光器和非线性器件这一主线，来探讨支撑下一代光子芯片的关键技术。将介绍多种低损耗、高非线性的材料平台，以及在这些平台上实现的激光器与非线性器件的集成。在系统应用层面，将展示基于光子芯片的超高精度的光频合成器和光学原子钟。同时，也将介绍相关产业化方向的进展和发展趋势，探讨未来光子芯片在通信、人工智能、量子信息和激光雷达等方向的应用。,常林，北京大学电子学系特聘研究员、助理教授、博士生导师，在光子芯片领域长期从事研究工作，研究方向涵盖集成非线性光子器件，集成激光器，集成量子光学等。在微腔光频梳，窄线宽激光器，量子集成光路等方向多次取得重要成果。以第一\通讯作者在 Nature、 Nature Photonics、Nature Communications、PRLQuantum、Optica等期刊上发表文章二十余篇。在CLEO、IPC、ACP等顶级国际会议上做特邀报告十余次。担任Nature、Nature Photonics、Nature Communi-cation等期刊审稿人。成果多次被 Physics world、IEEE spectrum、Optics & PhotonicsNews、DeepTech等知名媒体报道。欢迎各值老师、同学参加！关注电子学系微信公众号，了解更多讲座信息！
135,北大新工科国际论坛电子科学技术分论坛（2021）预告,,时间：10月22日下午13:30—17:50,地点：北京大学英杰交流中心第二会议室,北京大学,https://eecs.pku.edu.cn/../info/1050/2193.htm,发布时间：2021-10-18,,
136,微波光子雷达及其关键器件,郑小平教授,①时间：2021年10月15日（周五）14:00-16:00,9地点：北京大学理科二号楼2129报告厅,北京大学,https://eecs.pku.edu.cn/../info/1050/2192.htm,发布时间：2021-10-12,微波光子雷达具有高频宽带、分辨率高的特点，可解决雷达看得远、但看不清的难题，是一个新兴的学科方向。报告首先回顾微波光子雷达的国内外发展现状，然后围绕国家自然科学基金重大项目“高频宽带分布相参微波光子成像雷达”，重点介绍可重构宽带微波信号光子产生、微波光子分数傅里叶变换接收、光纤时频同步环网，以及光控微波波束成形网络的基本原理与性能。最后，对微波光子雷达的下一步发展进行展望。,郑小平，博士，清华大学长聘教授，北京光学学会副理事长。主要从事光网络、微波光子学研究。曾获得国家杰出青年科学基金资助，先后承担了科技部973项目、国家自然科学基金重大项目、科技部重点研发项目，发表论文百余篇，他引千余次，拥有40余项国家发明专利获3项省部级科技奖。欢迎各值老师、同学参加！关注电子学系微信公众号，了解更多讲座信息！
