,讲座标题,报告人,时间,地点,大学,通知全文链接,通知发布时间,通知内容,报告人简介
0,"
                        讲座：Automated Forensic Analysis of Mobile Applications on Android Devices",Presenter:Dr.Xiaodong Lin,"Talk Time:Monday, May 20, 2019, 14:00,","Location:SEIEE,3-308",上海交通大学,https://www.cs.sjtu.edu.cn/NewNoticeDetail.aspx?id=370,"
                    发布时间：2019-05-17","Abstract:It is not uncommon that mobilephones are involved in criminalactivities, e.g.,the surreptitious collection of credit card information. Forensic analysis of mobileapplications plays a crucial part in order to gather evidences against criminals. However,traditional forensic approaches,which are based onmanual investigation, are not scalabletothelarge number of mobile applications. On the other hand, dynamic analysis is hard to automatedue to the burden of setting up the proper runtime environment to accommodate Os differencesand dependent libraries and activate all feasible program paths. In this talk, we introduce a fullyautomated tool, Fordroid for the forensic analysis of mobile applications on Android. Fordroidconducts inter-component static analysis on Android APKs and builds control flow and datadependency graphs. Furthermore, Fordroid identifies what and where information written in localstorage with taint analysis. Data is located by traversing the graphs. This addresses severaltechnique challenges, which include inter-component string propagation, string operations (e.g.,append) and APl invocations. Also, Fordroid identifies how the information is stored by parsingSQLcommands,i.e.,the structure of databasetables.Finally,we selected 1oo random Androidapplications consisting of 2841 components from four categories for evaluation. Analysis of allapps took 64h.Fordroiddiscovered469paths in36 applications that wrote sensitive information(e.g.,GPS)tolocal storage.Furthermore,Fordroidsuccessfullylocatedwherethe information","Bio:Xiaodong Lin received the PhD degree in Information Engineering from Beijing University ofPosts and Telecommunications, China, and the PhD degree (with Outstanding Achievement inGraduateStudiesAward)inElectrical andComputerEngineeringfromtheUniversityofWaterloo,Canada.He is currently a tenuredAssociate Professorat the School of Computer Science at theUniversity of Guelph, Canada. His research interests include wireless communications andnetworksecurity,computerforensics,softwaresecurity,andappliedcryptography.Dr.Linservesas an Associate Editor for many international journals. He has served or is serving as a guesteditorformanyspecial issuesofIEEE,ElsevierandSpringerjournalsandasasymposiumchairortrack chairforIEEE/ACMconferences.Healsoservedonmanyprogramcommittees.HewasChair of Communications and Information Security Technical Committee (CISTC) IEEE"
1,"
                        讲座：Cybersecurity and Privacy:State-of-Art, Challenges, and Opportunities","Presenter: Dr.Rongxing LuProfessor,","Talk Time:Monday,May20, 2019, 10:00am,","Location:SEIEE,3-308",上海交通大学,https://www.cs.sjtu.edu.cn/NewNoticeDetail.aspx?id=371,"
                    发布时间：2019-05-17","Abstract:The pervasiveness of information and communications technologiesas well as intelligent electronic devices leads to an expanded attacksurface in smart grids, making it increasingly challenging to withstand the high-profile false datainjection (FDl) attacks. In this talk, we discuss a proactive approach to mitigate FDl attacks(PAMA) in smart grids. With PAMA scheme, the critical information -power grid connections andconfigurations as well as the original measurement data - used for constructing FDl attacks iswell protected from leakage or theft, so that FDl attacks are effectively mitigated. Specifically, wetransform the state estimation and FDl detection application into a distributed one equipped withconverted information from the critical information provided by the control center. In addition, theoriginal measurement data is also protected by using a secure hybrid Paillier cryptosystem. OurPAMA scheme is proved to be secure and effective in mitigating FDI attacks on smart grids. Thecomputational complexity and the communication overhead are evaluated on the standard IEEE",Bio:Rongxing Lu (S' 99-M' 11-SM' 15) has been an assistant professor at the Faculty of
2,"
                        讲座：PAMA: A Proactive Approach to Mitigate False Data Injection Attacks in Smart Grids","Presenter: Dr. Shui Yu Professor,","Talk Time: Monday, May 20, 2019, 10:00am,","Location:SEIEE,3-308",上海交通大学,https://www.cs.sjtu.edu.cn/NewNoticeDetail.aspx?id=372,"
                    发布时间：2019-05-17","Abstract:CybersecurityandprivacyaretwohottopicsinoursocietyHowever,both of them are mainly uncharted territories, and","Bio:Shui Yu is a Professor of School of Software, University of Technology Sydney,Australia. Dr Yu' s research interest includes Security and Privacy, Networking, BigData,and Mathematical Modelling.Hehas published twomonographs and editedconferences, such as IEEE TPDS,TC, TIFS,TMC,TKDE, TETC, ToN, andINFOCOM. Dr Yu initiated the research field of networking for big data in 2013. Hish-index is 36.Dr Yu actively serves his research communities in various roles. He iscurrently serving a number of prestigious editorial boards, including IEEECommunications Surveys and Tutorials (Area Editor), IEEE CommunicationsMagazine (Series Editor). He has served many international conferences as amemberoforganizingcommittee,suchaspublicationchairforIEEEGlobecom2o15,IEEE INFOCOM 2016 and 2017, and general chair for ACSW 2017. He is a SeniorMember of IEEE, a member of AAAS and ACM, and a Distinguished Lecturer of"
3,"
                        讲座：Space-Air-Ground(SAG) Integrated Vehicular Networks","Presenter: Dr. Xuemin (Sherman) Shen, Professor,","Talk Time: Monday, May 20, 2019, 10:00am,","Location:SEIEE,3-308",上海交通大学,https://www.cs.sjtu.edu.cn/NewNoticeDetail.aspx?id=373,"
                    发布时间：2019-05-17","Abstract:In this talk, we first introduce connected vehicles andautomateddriving.Wethenpresenttherelatedapplications,challengesandscientificresearch issues. To realize full automated driving anywhere at any time under anycondition, it is required the sufficient network coverage and dynamic networkdeployment.Space-Air-Ground (SAG)Integratedvehicularnetworkscanprovidethesolution.We will show thedetail development of our SAG simulatorand somedemosBio:Xuemin (Sherman) Shen is a University Professor, and Associate Chair forWaterloo, Canada. Dr. Shen's research focuses on wireless resource management,wirelessnetworksecurity,smartgridandvehicularadhocandsensornetworks.HeistheEditor-in-ChiefofIEEEloTJ.HeservesastheGeneralChairforMobihoc'15,theTechnicalProgramCommitteeChairforIEEEGlobecom'16,IEEEInfocom'14,IEEEVTC'10, the Symposia Chair for IEEE ICC'10, the Technical Program CommitteeChairforIEEEGlobecom'o7,theChairforIEEECommunicationsSocietyTechnicalCommitteeonWirelessCommunications.Dr.ShenisanelectedIEEEComSocVicePresident - Publications, the chair of IEEE ComSoc Distinguish Lecturer selectioncommittee,and a member of IEEE ComSoc Fellow evaluation committee.Dr.Shen","Bio:Xuemin (Sherman) Shen is a University Professor, and Associate Chair forWaterloo, Canada. Dr. Shen's research focuses on wireless resource management,wirelessnetworksecurity,smartgridandvehicularadhocandsensornetworks.HeistheEditor-in-ChiefofIEEEloTJ.HeservesastheGeneralChairforMobihoc'15,theTechnicalProgramCommitteeChairforIEEEGlobecom'16,IEEEInfocom'14,IEEEVTC'10, the Symposia Chair for IEEE ICC'10, the Technical Program CommitteeChairforIEEEGlobecom'o7,theChairforIEEECommunicationsSocietyTechnicalCommitteeonWirelessCommunications.Dr.ShenisanelectedIEEEComSocVicePresident - Publications, the chair of IEEE ComSoc Distinguish Lecturer selectioncommittee,and a member of IEEE ComSoc Fellow evaluation committee.Dr.Shen"
4,"
                        讲座：Erasure Codes for Distributed Storage Systems",主讲人简介：,讲座时间：2019年5月23日周四12：30-14：00,讲座地点：电信群楼3-410,上海交通大学,https://www.cs.sjtu.edu.cn/NewNoticeDetail.aspx?id=374,"
                    发布时间：2019-05-20",,主讲人简介：
5,"
                        讲座：Signal Processing Approaches to Sensing without Sensors",Presenter:Dr.AlexX.Liu,"Talk Time:June12,4:00PM, Wednesday","Location:SEIEE,3-412",上海交通大学,https://www.cs.sjtu.edu.cn/NewNoticeDetail.aspx?id=375,"
                    发布时间：2019-06-04","Abstract:Human activityrecognition is the core technology thatenablesawidevarietyofapplicationssuchaselderly/healthcare,building surveillance,human-computer interaction,health care,smart homes, and fitness tracking.In this talk,wepresent our work on recognizing human activities using WiFi, acoustic, and RFIDsignals, respectively.Human bodies reflect wireless signals and different humanactivities cause different changes on wireless signals, Thus, by analyzing the changes inwireless signals, we can recognize the corresponding human activities that cause the","Bio:Alex X.Liu received hisPh.D.degree in Computer Science from TheUniversity ofTexasatAustinin2006,andiscurrentlya Professorof theDepartmentof ComputerScience and Engineering at Michigan State University.He receivedtheIEEE & IFipWilliamC.CarterAward in2004,aNational ScienceFoundationCAREERaward in2009,the MichiganState UniversityWithrowDistinguished Scholar (Junior)Award in 2011,and the Michigan State University Withrow Distinguished Scholar (Senior) Award in2019.Hehas served as anEditor forIEEE/ACMTransactions onNetworking.and heiscurrently an AssociateEditor for IEEETransactions on Dependable and SecureComputing,IEEETransactionsonMobileComputinq,andanAreaEditorforComputerCommunications.He hasserved as theTPC Co-Chair forICNP 2014 and IFIPNetworking2019.HereceivedBestPaperAwardsfromSECON-2018,ICNP-2012,SRDS"
6,"
                        讲座：Causal Discovery and Prediction in the Presence of Distribution Shifts","Speaker: Biwei Huang, Carnegie Mellon University (CMU)","Time:10:00-11:00am,July15,2019","Venue:Room412,SEIEEbuilding#3",上海交通大学,https://www.cs.sjtu.edu.cn/NewNoticeDetail.aspx?id=386,"
                    发布时间：2019-07-10","Abstract:Manytasks in empirical sciences or engineering relyontheunderlying causal information. As it is often difficult to carryout randomized experiments, inferring causal relations frompurelyobservational data,known as thetask of causaldiscovery,hasdrawnmuchattention.Overthelastfewyearswith the rapid accumulation of huge volumes of data, causaldiscovery is facing exciting opportunities but also greatchallenges.Onefeaturesuchdataoftenexhibitisdistributionshift.In thistalk,Iwillpresenta principled framework forcausaldiscoveryfromsuchdata,calledConstraint-basedcausal Discovery fromheterogeneous/NOnstationary Data (CD-NOD).Iwillthen showhow to efficiently estimate the “driving force"" of changing causal mechanisms after","Speaker: Biwei Huang, Carnegie Mellon University (CMU)"
7,"
                        讲座：Privacy-aware Document Ranking for Search","Speaker: Dr. Tao Yang, Professor","Time:14:00-15:30July16,2019",Venue:SEIEE3-412,上海交通大学,https://www.cs.sjtu.edu.cn/NewNoticeDetail.aspx?id=387,"
                    发布时间：2019-07-10","Abstract:Assensitiveinformationisincreasinglycentralized into the cloud, for the protection of dataprivacy, such data is often encrypted, which makes effective data indexing andsearchaverychallengingtask.Hidingfeatureinformationthroughencryption","Speaker: Dr. Tao Yang, Professor"
8,"
                        讲座：Privacy Risks of Machine Learning Models","Presenter: Dr. Yang, Zhang","Talk Time: Friday, July 19, 2019, 10:00am",Location:SEIEE3-412,上海交通大学,https://www.cs.sjtu.edu.cn/NewNoticeDetail.aspx?id=388,"
                    发布时间：2019-07-10","Abstract:Machinelearninghaswitnessedtremendousprogressduring the past decade. While keeping on improving our lifequality,machinelearning models may raise severe concerns towards people'sprivacy.Inthistalk,Iwillcoverourrecentworkonassessingprivacyrisksstemmingagainst machine learning models. We show how to relax adversary's assumptions toachieve a model and data independent membership inference attack. Then, I willdiscuss our work on attacking online learning systems. We propose four effectiveattacks in this surface, ranging from predicting attributes of the dataset used toupdate a machine learning model to reconstructing the updating dataset itself. In the",Bio:Yang Zhang (https://yangzhangalmo.github.io/) is a research group leader at
9,"
                        讲座：A Framework for Describing Tensor Computations",Speaker:Professor Daniel Povey,"Time:14:30-16:00Sep9,2019",Venue:Room412.SEIEE-3,上海交通大学,https://www.cs.sjtu.edu.cn/NewNoticeDetail.aspx?id=393,"
                    发布时间：2019-09-05","Abstract:Manysoftwaretoolkitsfor machinelearninghave arebased ona NumPy-like modelfor computation,based ontensors.In thiscontext,atensorisann-dimensional array ofaparticular data-type (say,float).In such toolkits there is often alack of clarity in the documentation,particularly regarding allowable memorylayouts.Wepresenta mathematical frameworkfordescribingtensorlayouts in memory,which makes it possibleto clearlydescribetypical operations ontensors and theirrequirementsontheinputtensors'layout.Asanexampleoftheutilityofthisframework,weapplyittotheproblemofcomputingtheregionofoverlap inmemorybetweentwotensors--a surprisingly non-trivial problem. This problem arises in certain approachesto verifyingthe correctnessof autogradgraphs.Wealsoshowhowthe frameworkcan",Bio:DanielPoveycompletedhisPhDatCambridgeUniversityin2oo3.Hespentabouttenyears workingforindustryresearchlabs(IBMResearchandthenMicrosoft
10,"
                        讲座：Post-Quantum Fiat-Shamir",Host: Yu Yu,"Time: 14:00, Sep 16",Venue:SEIEE3-404,上海交通大学,https://www.cs.sjtu.edu.cn/NewNoticeDetail.aspx?id=395,"
                    发布时间：2019-09-13","Abstract:The Fiat-Shamir transformation is a usefulapproach to building non-interactive arguments (ofknowledge) in the random oracle model. Unfortunately,existing proof techniques are incapable of proving thesecurity of Fiat-Shamir in the quantum setting. Theproblem stems from (1) the diffculty of quantum rewinding, and (2) the inability of","Bio:Qipeng Liu is a Ph.D student in Computer Science Department, PrincetonUniversity. He is advised by Professor Mark Zhandry. His research focuses onpost-quantum cryptography,quantum random oracle model and he also has broadinterest in cryptography. Before becoming a Ph.D student in Princeton University,"
11,"
                        讲座：Toward Intelligent Neural Machine Translation",Speaker:RuiWang,"Time:10:30-12:00Sep24h,2019","Venue:Room414,SElEE-3",上海交通大学,https://www.cs.sjtu.edu.cn/NewNoticeDetail.aspx?id=396,"
                    发布时间：2019-09-17",,"Short Bio:Rui Wang is a tenure-track researcher at National Institute of Information andCommunications Technology (NiCT),Japan.Before that,he graduatedfromShanghaiJiao Tong University in 2016.His researchfocuses on machine translation,a classictask in NLP (or even in Al). He (as the first and the corresponding authors) haspublishedmorethan2opapersintop-tierNLPconferencesand journals,suchasACL,EMNLP,AAAl,IJCAl,TASLP,etc.HehasalsowonthefirstplacesontheWMT sharedtasks,suchas the unsupervised Czech<->German task in 2o19 and thesupervisedFinnish/Estonian<->English tasks in2018.He served as the area co-chairs of CCL-"
12,"
                        讲座：Tensor Decompositions for Big Multi-aspect Data",Host: Zhang Liqing,"Time:10:00-11:00am,Sep25",Venue:SEIEE-414,上海交通大学,https://www.cs.sjtu.edu.cn/NewNoticeDetail.aspx?id=397,"
                    发布时间：2019-09-17","Abstract:Tensors and tensor decompositions have been verypopularand effective tools foranalyzing multi-aspect datain a widevariety of fields,rangingfrom Psychology toChemometrics, and from Signal Processing to Data Miningand Machine Learning. Using tensors in the era of big data presents us with a richvariety of applications, but also poses great challenges, especially when it comes to","Bio:Evangelos(Vagelis)Papalexakisis anAssistantProfessorof theCSEDept.atUniversity of California Riverside. He received his PhD degree at the School ofComputerScience atCarnegieMellonUniversity(CMU).PriortoCMU,heobtainedhis Diploma and MSc in Electronic & Computer Engineering at the TechnicalUniversityofCrete,inGreeceBroadly, his research interests span the fields of Data Mining, Machine Learning,and Signal Processing. His research involves designing scalable algorithms formining large multi-aspect datasets,with specific emphasis on tensor factorizationmodels, and applying those algorithms to a variety of real world multi-aspect dataproblems. His work has appeared in KDD, ICDM, SDM, ECML-PKDD, WWW,He has a best student paper award at PAKDD' 14 and SDM' 16, finalist best papersforSDM'14andASONAM'13andhewasafinalistfortheMicrosoftPhDFellowshipand the Facebook PhD Fellowship. Besides his academic experience, he hasindustrial research experience working at MicrosoftResearchSiliconValleyduring"
13,"
                        讲座：Self-Driving Cars, Connectivity and Traffic Flow Control",Prof.Petros A.Ioannou,"
                    发布时间：2019-09-17",,上海交通大学,https://www.cs.sjtu.edu.cn/NewNoticeDetail.aspx?id=398,"
                    发布时间：2019-09-17",,Prof.Petros A.Ioannou
14,"
                        讲座：Understanding Generalization of Deep Learning via Student-Teacher Setting",,时间：2019年10月10号10：40-11：40,地点：电院3号楼412,上海交通大学,https://www.cs.sjtu.edu.cn/NewNoticeDetail.aspx?id=403,"
                    发布时间：2019-10-09","Abstract:In this talk, I am going to introduce our recentprogress on multiple research directions. On the DLtheoryside,westudythebehaviorsofdeepnetworksat interpolation region, where the gradient at eachtraining data point is small. We use a teacher-studentsetting and show that at interpolation region, weight alignment could happentraining error yields good generalization. Besides, we also introduce our works onthe RL side. We establish state-of-the-art performance on the bidding phase ofContract Bridge, a 4-player games with 2 competitive teams, via zero-knowledge","Bio:Yuandong Tian is a Research Scientist and Manager in Facebook AlResearch, working on deep reinforcement learning and its applications, andtheoretical analysis of deep models. He is the lead scientist and engineer for ELFOpenGo and DarkForest Go project. Prior to that, he was a researcher andengineer in Google Self-driving Car team in 2013-2014. He received Ph.D inRobotics Institute, Carnegie Mellon University on 2013, Bachelor and Masterdegree of Computer Science in ShanghaiJiao Tong University.He is the recipient"
15,"
                        讲座：Estimating Search Models with Panel Data: Identification and Re-Examination of Preference Heterogeneity",Presenter:Prof.XiaojingDong,"Talk Time: Nov 21st, 3 PM-4 PM, Thursday",Location:SEIEE3-306,上海交通大学,https://www.cs.sjtu.edu.cn/NewNoticeDetail.aspx?id=406,"
                    发布时间：2019-11-19","Abstract:In online shopping platform, not only the purchaseinformation, but also the clicked pages can be convenientlyrecorded. It is a common practice to examine only thosepurchased when inferring the consumer's preference and tastes. In this study, we proposeda structural model approach to dive deeper into such question leveraging the click streamdata.A structural model approachallows us to examinethe decisionprocess at individualconsumer level,and obtain inferences foreach,including his/her preference and searchcost. Using a unique data-set from an online retailer that contains panel information onwhen ignoring search costs,we overestimate consumerspreferenceheterogeneity by40%. Using the example of personalized pricing, we show that this bias has importantconsequences fortargeted marketing.Finally,we show that panel dimension of the dataisBio:Prof. Xiaojing Dong is a tenured Associate Professor of Marketing and BusinessAnalytics,and the Faculty Director of Master of Science inBusiness Analytics at SantaClara University.Her research area applies Data Analytics techniques to develop model,examining how marketing actions influence customer behaviors, and therefore providessuggestions on improving Marketing and Business decisions. Her studies span multipleindustries, including social network, online retail, pharmaceutical, travel, among manyothers.Herpapers have appeared intop academic journals in business and top computerscience conferences in Big Data and Al. With participations of ten top companies (Google,Adobe,Palantir,etc.)in theSilicon Valley,Prof.Dong founded a new Master of Science","Bio:Prof. Xiaojing Dong is a tenured Associate Professor of Marketing and BusinessAnalytics,and the Faculty Director of Master of Science inBusiness Analytics at SantaClara University.Her research area applies Data Analytics techniques to develop model,examining how marketing actions influence customer behaviors, and therefore providessuggestions on improving Marketing and Business decisions. Her studies span multipleindustries, including social network, online retail, pharmaceutical, travel, among manyothers.Herpapers have appeared intop academic journals in business and top computerscience conferences in Big Data and Al. With participations of ten top companies (Google,Adobe,Palantir,etc.)in theSilicon Valley,Prof.Dong founded a new Master of Science"
16,"
                        讲座：Semantic-Aware Detection of Missing-Check Bugs in OS Kernels",,Time:Nov2110:00-12:00,Venue:SEIEE3-404,上海交通大学,https://www.cs.sjtu.edu.cn/NewNoticeDetail.aspx?id=408,"
                    发布时间：2019-11-19","Abstract:Operatingsystem(OS)kernelsplayacritical rolein computer systems, which not only managehardware and system resources,but also provideservices and protection. To safely perform thesecomplicatedand error-pronetasks,Os kernelsrelyon a large number of security checks to validate system states.Unfortunately,security checks are often missing, due to the complexity of Os kernels, which canout-of-bound accesses,andsystemcrashes.Inthistalk,Iwill shareourresearchon automatically detecting missing-check bugs in a semantic-aware manner.1will firsttalkabouthowto automatically identify security checksandthen present asecurity check. Several techniques such as finding indirect-call targets, identifyingcritical variables, and finding semantically-similar code paths are generic and thuscanalsobenefitfutureresearchonbugdetectionandsystemhardening.Intheend,","Bio:Dr. Kangjie Lu is an assistant professor in the Computer Science &EngineeringDepartment of the Universityof Minnesota-TwinCities.His researchinterests include security and privacy, program analysis, and operating systemsHe is particularly interested in automatically finding classes of vulnerabilities,hardening systems while preserving their reliability and efficiency. He won the bestpaper award at ACM CCS 2019. His research results are mainly published attop-tier venues and have led to many important updates in the Linux kernel, theAndroid OS, the FreeBSD kernel, and Apple' s iOS. He received his Ph.D.in"
17,"
                        讲座：Memory-Augmented Neural Networks for Better Discourse Understanding",Speaker: Prof. Tim Baldwin,"Time:13:00-15:00,Nov.27",Venue:SEIEE3-412,上海交通大学,https://www.cs.sjtu.edu.cn/NewNoticeDetail.aspx?id=410,"
                    发布时间：2019-11-26","Abstract:In this talk, I will present a series of papers on theapplications of memory-augmented neural networkmodels to discourse understanding tasks, focusing ontasks including dialogue state tracking, named entityrecognition with full document history, discourse parsing of web user forum threads,narrative comprehension, and targeted aspect-based sentiment analysis. Timepermitting, I will also give a brief overview of a collaborative project with Bytedance onthe automatic detection of text that has been adversarially-injected into a largerBio:The University of Melbourne, and Associate Dean (Research Training) within theMelbourne School of Engineering. He is also Director of the ARC Centre for CognitiveComputing in Medical Technologies, in partnership with IBM Research. He haspreviously held visiting positions at institutions including Cambridge University, Universityof Washington,TokyoInstituteof Technology,Saarland University,NTTCommunicationScience Laboratories, and National Institute of Informatics.His primary researchfocus ison natural language processing (NLP), including social media analytics, deep learning,","Bio:The University of Melbourne, and Associate Dean (Research Training) within theMelbourne School of Engineering. He is also Director of the ARC Centre for CognitiveComputing in Medical Technologies, in partnership with IBM Research. He haspreviously held visiting positions at institutions including Cambridge University, Universityof Washington,TokyoInstituteof Technology,Saarland University,NTTCommunicationScience Laboratories, and National Institute of Informatics.His primary researchfocus ison natural language processing (NLP), including social media analytics, deep learning,"
18,"
                        讲座：Reinforcement Learning for Intelligent Transportation","Speaker: Zhenhui (Jessie) Li, Pennsylvania State University","Time: 14:00-16:00, Nov.28",Venue:SEIEE3-412,上海交通大学,https://www.cs.sjtu.edu.cn/NewNoticeDetail.aspx?id=413,"
                    发布时间：2019-11-27","Abstract:Large-scalemobilitydata canbecollected frommobilephones, car navigation systems, road surveillance cameras,and loop sensors. Turning such mobility data into knowledge","Bio:Dr. Zhenhui (Jessie) Li is a tenured associate professor of Information Sciences andTechnologyatthePennsylvaniaStateUniversity.SheisHailefamily earlycareer endowedprofessor.Prior to joining Penn State, she received her PhD degree in Computer Sciencefrom Universityof Illinois Urbana-Champaign in2012,where she was a member of datamining research group.Her research has beenfocused onmining spatial-temporal data withapplications in transportation,ecology,environment, social science,and urban computingShe is a passionate interdisciplinary researcher and has been actively collaborating withcross-domain researchers. She has served as organizing committee or senior programcommittee of many conferences including KDD, ICDM, SDM, CIKM, and SIGSPATIAL. Shehas received NSF CAREER award,junior faculty excellence in research, and George JMcMurtry junior faculty excellence in teaching and learning award. She is currently takingsabbatical leave (2018-2019) at Hangzhou China to conduct city brain research. She islooking for interns to join her research team in Hangzhou. To learn more, please visit herhomepage: https:/faculty.ist.psu.edu/jessieli"
19,"
                        讲座：Lattice-Based Zero-Knowledge Proofs: Shorter and Faster Constructions and Applications",Host:DawuGu,"Time&Venue:SEIEE3-412,","Time&Venue:SEIEE3-412,",上海交通大学,https://www.cs.sjtu.edu.cn/NewNoticeDetail.aspx?id=414,"
                    发布时间：2019-12-10","Abstract:We devise new techniques for design and analysis ofefficient lattice-based zero-knowledge proofs (ZKP). First, weintroduce one-shot proof techniques fornon-linearpolynomialrelations of degree k≥2, wherethe protocol achieves a negligiblesoundness error in a single execution, and thus performs significantly better in both","Bio:Ron Steinfeld received his Ph.D. degree in Computer Science in 2oo3 from MonashUniversity,Australia. Since 2015, he is a Senior Lecturer at the Faculty of InformationTechnology,Monash University,Australia.Following his Ph.D.Ron worked as a postdoctoralresearch fellow in cryptography and information security at Macquarie University,Australia,holding the positions of Macquarie University Research Fellow incryptography and informationsecurity (2007-2009), and ARC Australian Research Fellow in cryptography and informationsecurity (2009-2012).Ron completedhisARCResearchFellowship at Monash University(2012-2014). His main research interests are in the design and analysis of cryptographicalgorithms and protocols,in particular in the areas of lattice-based cryptography and securecomputationprotocols.Hehas over 18 years of research experience in cryptography andinformation security.Hehaspublished morethan6o researchpapers in international refereedconferences and journals,more than 10 of whichhave each been cited over 100 times.Hereceived the ASIACRYPT 2015 best paper award.He has served on the technical ProgramCommittee of numerous international conferences in cryptography, is an editorial boardmember of the journal 'Designs Codes and Cryptography' , and consults in cryptography"
20,"
                        讲座：Smart Grid Intelligence","Speaker:Prof, Ganesh KumarVenayagamoorthy","Time:10:30Dec 10,2019","Venue:Room414,SEIEE-3",上海交通大学,https://www.cs.sjtu.edu.cn/NewNoticeDetail.aspx?id=415,"
                    发布时间：2019-12-10","Abstract:The modern power and energy system, referred to as the‘smart grid'is a growingcomplex system.Its operations and control require intelligence to efficiently maximizethe utilization of variable power and energy sources (including renewable energysources) and manage the challenges of bidirectional power flows, uncertainties inforecasting and real-time availability of generation, loads, energy storage and otheroperational resources.This keynote address will define smart grid intelligence.The potentials and promises ofComputational Intelligence (Cl) to give birth to this intelligencein smart grids will be presented including examples","Bio:Ganesh KumarVenayagamoorthy (S'91-M'97-SM'02)is theDuke Energy Distinguished Professor ofPowerEngineeringand Professorof Electrical andComputer Engineering andAutomotive Engineering at ClemsonScience and Technology (Missouri S&T), Rolla, USA from 2002 to 2011 and Senior Lecturer in Department of"
21,"
                        讲座：Information Geometry and Statistical Mirror Symmetry","Speaker:Prof.Jun Zhang,The University of Michigan,Ann Arbor","Time:10:00Dec18th,2019","Venue:Room412,SEIEE-3",上海交通大学,https://www.cs.sjtu.edu.cn/NewNoticeDetail.aspx?id=419,"
                    发布时间：2019-12-13","Abstract:Information Geometry is the differential geometric study of themanifold of probability models, and promises to be a unifyinggeometricframeworkforinvestigatingstatisticalinference,information theory,machine learning,etc.Central to such manifolds are""divergencefunctions”(in place of distance) for measuring proximity of two points, for instance Kullback-Leiblerdivergence,Bregman divergence,etc.Divergencefunctionsare tied togeneralized entropy (forinstance,Tsallis entropy,Renyientropy)andcross-entropyfunctionswidelyused inmachinelearning and information sciences. It turns out that divergence functions enjoy pleasantgeometric properties- they induce what is called “statistical structure"" on a manifold M: aRiemannian metric g together with a pair of torsion-free affine connections D, D*, such that Dand D* are both Codazzi coupled to g while being conjugate to each other. Divergencefunctions also induce a natural symplectic structure on the product manifold MxM for which thediagonal is M is both a statistical manifold and Lagrange submanifold. We have characterizedthe interaction of statistical structures and (para-)complex structure, generalizing the dually-flatHessian geometry. Recently, we show there is a kind of ""Statistical Mirror Symmetry on thetangent manifold of probability models,in surprising link to mirror symmetryextensively studied",Bio:张俊，美国密西根大学心理学系终身教授、数学系终身教授，美国心理学协会(APS)会士，心理规律协会(Psychonomcis)会士。现任《信息几何学》InformationGeometry杂志创刊联合主编。历任全美脑与行为科学协会联盟（FABBS）执行董事，数学心理学学会(SocietyforMathematicalPsychology)副主席、主席、执行委员会委员，《数学心理学》Journal ofMathematicalPsychology杂志副主编。1985年获得复旦大学理论物理学士，1992年获得加州大学伯克利分校神经生物学博士，并获聘于密西根大学任终身教职。在学术休假年度，张俊教授在澳洲墨尔本大学、法国科学院马赛所、加拿大滑铁卢大学、日本理研脑科学研究所、英国剑桥大学、美国哈佛大学等担任客座研究员、访问教授等席位。张俊教授主持的M3实验室（“Mind，Machine，Mathematics”）长期开展认知建模、机器学习、人机界面、类脑人工智能
22,"
                        讲座：Learning Visual Representation for Image Recognition/Generation",by Prof. Serge Belongie and Prof. Kilian Q. Weinberger. Her interest spans,时间：2020年1月2日下午1：30,地点：电院3号楼404,上海交通大学,https://www.cs.sjtu.edu.cn/NewNoticeDetail.aspx?id=422,"
                    发布时间：2019-12-31","Abstract:Visual Representation has received a lot ofattention from both academia and industry in recentyears. This talk will briefly cover our previousresearch targeting at digging out the relationshipbetween low-level visual representation and high-level recognition tasks,as well as our current research focusing on a new normalization methodwhich could be applied to most generative models to help preserve ortransfer structural information. During the talk, I will present AOD-Net andbridge the gap between theory and practice, in realizing an efficient model","Bio:by Prof. Serge Belongie and Prof. Kilian Q. Weinberger. Her interest spansin Machine Learning, Computer Vision and Multimedia Art. In detail, she isgenerallyinterestedinvisualrepresentationlearning andgenerative/recognition models. Currently,Shefocusesmoreonfundamental problems of generative/recognition models using deep"
23,"
                        讲座：Towards End-to-End Speech Synthesis","Speaker: Yu Zhang, Research scientist at Google",Time:14:00-16:00Jan15th.2020,"Venue:Room 412,SEIEE-3",上海交通大学,https://www.cs.sjtu.edu.cn/NewNoticeDetail.aspx?id=423,"
                    发布时间：2019-12-31","Abstract:Neural network -based system for text-to-speech (TTS) synthesis that is able to generate speech audio in the voiceof different speakers and learn to model a large range of acousticexpressiveness, such as speed and speaking style. Building on thesesuccesses, I will describe several recent results demonstrating sequence-to-sequence model basedTTSmodel opensnewdirectionforthe speechsynthesis community, including multi-speaker, global/local prosody control","Bio:Yu Zhang is a research scientist at Google, where his researchfocuses on improving ML model performance for various speechprocessing applications. Currently, he is working on end-to-end ASR andTTS. Before coming to Google, he completed his Ph.D. at MassachusettsInstitute of Technology, where his advisor was James Glass. Most of hisPh.D. work has been focused on automatic speech recognition using"
24,"
                        讲座：数字经济的基础设施",,时间：7月28日（周二）上午10:00-11：00,地点：电信学院3-412会议室,上海交通大学,https://www.cs.sjtu.edu.cn/NewNoticeDetail.aspx?id=437,"
                    发布时间：2020-07-27",,
25,"
                        讲座：Building Efficient Systems for Deep Learning on Graphs","Speaker: Minjie Wang, Ph.D., New York University","Time: 2:00pm-3:00pm Oct. 13, Tuesday","Venue: Room 412,SEIEE building #3",上海交通大学,https://www.cs.sjtu.edu.cn/NewNoticeDetail.aspx?id=439,"
                    发布时间：2020-10-09","Abstract:Advancing research in the emerging field of deep graph learning requires new tools to supporttensor computation over graphs. In this talk, I will present the design principles and implementationof Deep Graph Library (DGL). DGL distills the computational patterns of GNNs into a few gener-alized sparse tensor operations suitable for extensive parallelization. By advocating graph as thecentral programming abstraction, DGL can optimize them transparently. By cautiously adopting aframework-neutral design, DGL allows users to easily port and leverage the existing componentsacross multiple deep learning frameworks. The evaluation shows that DGL has little overhead forsmall scales and significantly outperforms other popular GNN-oriented frameworks in both speedand memory efficiency when workloads scale up. DGL has been open-sourced and recognizedwidely by the community. I will then introduce two follow-up works based on DGL: 1) FeatGrapha flexible and efficient kermnel backend for graph neural network and 2) DGL-KE  a distributed","Bio:Minjie Wang is an applied scientist in Amazon Shanghai AI Lab. He obtained his Ph.D. degreefrom New York University. His research focus is the interdisciplinary area of machine leaming andsystem including building deep learming systems with high usability and performance, applyingmachine learning in system optimization. He is also an open-source enthusiast; founder and major"
26,"
                        讲座：Efficient Zero Knowledge Proof Protocols and Their Applications to Decision Tree Predictions and Accuracy",Speaker:JiahengZhang,"Time:2pm,November4,2020",Venue:SEIEE3-414,上海交通大学,https://www.cs.sjtu.edu.cn/NewNoticeDetail.aspx?id=440,"
                    发布时间：2020-11-03","Abstract:We present two efficient zero knowledge proofs protocols with optimalprover computation, Libra and Virgo. Libra has linear prover time, logarithmic ver-ification time and proof size. It needs a universal trusted setup. Virgo removes thetrusted setup of Libra and remains roughly the same complexity by a new trans-parentzero knowledge verifiable polynomial delegation scheme withlogarithmicproof size and verification time. In addition, we initiate the study of zero knowl-edge machine learning and propose protocols for zero knowledge decision treepredictions and accuracy tests(ZKDT). The protocols allow the owner of a deci-sion tree model to convince others that the model computes a prediction on a datasample, or achieves a certain accuracy on a public dataset, without leaking any","Bio: Jiaheng is a third-year Ph.D. student in Computer Science at UCBerkeley, where he is very fortunate to be advised by Prof. Dawn Song. He alsoworks closely with Prof. Yupeng Zhang. And he is a member of RiSE Lab, Initia-tive for Cryptocurrencies&Contracts Lab(IC3) and Berkeley Al Research(BAIR),His research interests lie in computer security and cryptography, especially ze-ro-knowledge proofs and their applications on blockchains and machine learningmodels. Prior to coming to Berkeley, he received his Bachelor's degree in ACMHonors Class of Shanghai Jiao Tong University, where he worked under the su-pervision of Prof. Xiaotie Deng. During his undergraduate, he was also a research"
27,"
                        讲座：On Computational Shortcuts for Information-theoretic PIR",Speaker: Matthew M.Hong,"Time:3pm,November4,2020",Venue:SEIEE3-414,上海交通大学,https://www.cs.sjtu.edu.cn/NewNoticeDetail.aspx?id=441,"
                    发布时间：2020-11-03","Abstract:Informationtheoretic private information retrieval (PiR) schemes have at-tractive concrete efficiency features. However, in the standard PiR model, thecomputational complexity of the servers must scale linearly with the databasesizeWe study the possibility of bypassing this limitation in the case where the da-tabase is a truth table of a ""simple"" function, such as a union of (multi-dimen-sional) intervals or convex shapes, a decision tree, or a DNF formula. This ques-tion is motivated by the goal of obtaining lightweight homomorphic secret sharing(HSS)schemesandsecuremultipartycomputation (MPC)protocolsforthecor-responding families.We obtain both positive and negative results. For""first-gen-eration""PiR schemes based on Reed-Muller codes, we obtain computationalshortcuts for the above function families, with the exception of DNF formulas forwhich we show a (conditional) hardness result.For """"third-generation""PiRschemes based on matching vectors, we obtain stronger hardness results thatapply to all of the above familiesOur positive results yield new informationtheoretic HSS schemes and MPC",Speaker: Matthew M.Hong
28,"
                        讲座：Bridging the Gap Between the AI Algorithms and IOT Devices",Speaker: Lerong Chen,Time: 3:30pm-4:30pm,"Venue: Room 517A,SEIEEbuilding #3",上海交通大学,https://www.cs.sjtu.edu.cn/NewNoticeDetail.aspx?id=442,"
                    发布时间：2020-11-03",Abstract:近年来，5G、人工智能算法的不断发展，嵌入式设备的激增带来了智能物联网（AI+IOT)的愿景。在这个世界里，我们的日常生活中接触到的设备将会越来越多的具有计算、传感和通信功能，这些功能将改变人与物之间的交互IOT设备通常是计算、内存资源有限的低端系统，而人工智能算法，尤其是深度神经网络模型往往对资源有着较高的需求。这一矛盾是AI+IOT发展的瓶颈，我将从工业界的角度出发，介绍TVM、TensorflowLite、MindSpore等框架如何实现在IOT设备上部署AI算法，以及在实际部署深度神经网络遇,Bio:
29,"
                        讲座：打破人工智能处理器的存储墙 算法-电路-架构协同设计","Speaker:ChixiaoChen,AssistantProfessor,","Time:2:00pm-3:00pm,Apr.8,Thursday","Venue:Room404,SEIEEbuilding#3",上海交通大学,https://www.cs.sjtu.edu.cn/NewNoticeDetail.aspx?id=446,"
                    发布时间：2021-04-05",Abstract:随着人工智能在各类人工智能场景中的广泛应用，包括GPU和TPU在内的专用智能芯片已成为了不可或缺的人工智能硬件。但是，人工智能如何进一步部署到端侧与联人式系统？特别是在没有高速存储器接口的智能物联网节点芯片中。本将从算法、体系结构与电路实现的协同设计角度出发，讨论在人工智能芯片如何打破存储墙瓶颈。内容包括：1）完成神经网络加速器的片上在线学习，2）采用存算一体的超低功耗神经网络计算电路，3）基于芯粒（Chiplet）集成的,"Speaker:ChixiaoChen,AssistantProfessor,"
30,"
                        讲座：领域自适应：从多领域翻译到连续学习",Speaker:冯洋,Time:2021年4月16日14:30-15:30,Venue:电院3-412,上海交通大学,https://www.cs.sjtu.edu.cn/NewNoticeDetail.aspx?id=447,"
                    发布时间：2021-04-12",Abstract:机器翻译在实际应用中经常需要进行多领域的制译，然而很多领域并没有足够的训练数据，使得让练特定领成的确译需要借助于通用领最的数据，然而现有的领或自适应方法通常会温遗灾难性遗忘问题。针对这些问题，本报告首先介绍了一个通过提取领域通用特征和领域独有特征进行领域自适应的方法，然后探究了在灾难性遗忘过程中翻译模型的不同模块以及参数的变化特点，最后，针对发现的结果，提出了对神经元/参数先裁剪后补全的领域自适应方法，有效的,Speaker:冯洋
31,"
                        讲座：计算和数据带来人工智能",Speaker:罗恒,Time:2021年5月7日15:00,Venue:电院3-412,上海交通大学,https://www.cs.sjtu.edu.cn/NewNoticeDetail.aspx?id=448,"
                    发布时间：2021-05-06",Abstract :人工智能的实现需要机器在物理世界持续、自动化演进，背后的推动力将来自于不直接依,Bio:罗恒，地平线BPU算法负责人。2011年博士毕业于上海交通大学，导师申瑞民教授。后随图灵奖得主YoshuaBengio进行博士后研究，2014年加人百度深度学习实验室，参与深度学习在搜索中应用、PaddlePaddle研发等工作。2016年加人地平线，主导地平线BPU算法研发、工具链相关产品工作，先后推动了中国首款边缘AI芯片，首款车规级AI芯片的诞生，2020年获得“第十届吴文俊人工智能专项奖”芯片项目一等奖
32,"
                        讲座：EfficientTDNN: Efficient Architecture Search for Speaker Recognition in the Wild",Speaker Recognition in the Wild,Time:09:00-11:00May12th.2021,Venue:Room412.SEIEE-3,上海交通大学,https://www.cs.sjtu.edu.cn/NewNoticeDetail.aspx?id=449,"
                    发布时间：2021-04-30","Abstract:Rui Wang is curently pursuing the Ph.D. degree in computer science and technology from Tongji UniversityHe received B.S. and M.S. degrees in mechanical design manufacture and automation and measurement technol-ogy and instruments fom Zhejiang Sci-Tech University, respectively. His curent research interests focus on au",Bio:王瑞，目前在同济大学攻读计算机科学与技术学科的博士学位。他从浙江理工大学的机械设计制造及其自动化专业和测试计量技术及仪器取得学士学位与硕土学位。他目前的研究方向是自动说话人
33,"
                        讲座：GPU架构演化与并行计算",Speaker：洪洲Mike Hong,Time:2021年5月11日（周二）14:00-15:00,Venue：交大电院3-200号报告厅,上海交通大学,https://www.cs.sjtu.edu.cn/NewNoticeDetail.aspx?id=450,"
                    发布时间：2021-05-08",Abstract:并行计算（ParallelComputing）是加速超算和智能超算的基本策略。本讲座将从分析各类并行计算模式与超算算法人手，解释GPU在加速计算,Speaker：洪洲Mike Hong
34,"
                        讲座：探索对话技术的未来",主讲人：,时间地点：9月27日18：00东中院1-106,时间地点：9月27日18：00东中院1-106,上海交通大学,https://www.cs.sjtu.edu.cn/NewNoticeDetail.aspx?id=461,"
                    发布时间：2021-09-26",摘要：这个讲座分两部分，在第一部分，我将介绍字节跳动AILab的研究成果。在第二部分，我将介绍开发自然语言对话技术的体会以及对技术未来发展的看法。首先，我会演示字节跳动开发的大力智能学灯。这个产品，基于对话等I技术，为小学生用户提供知识口答、作业批改、作业讲解等功能，自的是帮助他们更好地学划、掌握知识和技能。之后：我将讨论神经符号处理在对话系统中的重要作用，介绍我们开发的相关技术。最后，我将,主讲人：
35,"
                        讲座: Data Science for Deep Learning","Speaker: Lei CHEN, chair professor in the Department of Computer Science and Engineering,","
                    发布时间：2022-09-28",,上海交通大学,https://www.cs.sjtu.edu.cn/NewNoticeDetail.aspx?id=486,"
                    发布时间：2022-09-28","AbstractIn recent years, deep learning (DL) has significantly penetrated and hasbeen widely adopted in various fields of application, including facialrecognition, strategy games (AlphaGo and Texas hold'em) and questionanswering. However, the effectiveness of the models and efficiency of thetraining process strongly depend on how well the associated data ismanaged. It is very challenging to train an effective deep learning-basedimage classifier without properly labelled training data. Furthermoretraining efficiency is severely affected by a large amount of training data, complex structures of themodels and tones of hyper parameters. A lack of validation for result data and explanation alsoseriously affect the applicability of trained models. In this talk, I will discuss three important issuesrelated to data science for Al: 1) how to prepare data for effective DL, which includes dataextraction and integration as well as data labelling; 2) how to optimize DL training, including datacompression and computation graph optimization; and 3) how to conduct explanation to make themodel robust and transparent. Some future work will be highlighted at the end. At the end of mytalk, I will give a brief introduction of Data Science and Analytic Program in HKUST (GZ) and","Bio:Lei Chen has BS degree in computer science and engineering from Tianjin University, Tianjin, ChinaMA degree from Asian Institute of Technology, Bangkok, Thailand, and PhD in computer sciencefrom the University of Waterloo, Canada. He is a chair professor in the Department of ComputerScience and Engineering, Hong Kong University of Science and Technology (HKUST). Currently, ProfChen serves as the head of Data Science and Analytic trust at HKUST (GZ), director of Big Data"
36,"
                        讲座：Cross-lingual Learning of Named Entities",Speaker:,Time:,Venue:,上海交通大学,https://www.cs.sjtu.edu.cn/NewNoticeDetail.aspx?id=490,"
                    发布时间：2023-02-09","Abstract:Over the last decade, the phenomenal success of NLPsystems has been driven mainly by deep neural networkslabeled data. However, annotating data under all possiblereal-world scenarios is often infeasible. As a result, thesesystems may fail dramatically in practice when dealing withdata written in different languages. In this talk, I will presentworks that are important to extend the generalization abilityof NLP systems across languages. In particular, we will focuson understanding named entities (e.g., location, person) thatusually convey key information in a sentence. I will firstpoint out the translation artifacts of named entities in cross-Speaker:understanding and generation of named entities in twocross-lingual applications: task-oriented dialog and machineJunjie Hu",Biography:Prof. Junjie Hu is an Assistant Professor affiliated with theTime:Computer Science and Biostatistics departments at the
37,"
                        讲座：时-空共变脑功能分析算法研究",主讲人：,时间上存在着动态变化特性。本报告拟从,地点：,上海交通大学,https://www.cs.sjtu.edu.cn/NewNoticeDetail.aspx?id=491,"
                    发布时间：2023-02-24",摘要：脑功能分析是开展脑科学研究的核心关键基础，其有效分析理论与应用方法对于脑认知研究和脑疾病辅助诊疗具有重要意义。研究表明，大脑功能是由多时空尺度上运行的众多神经回路的相互作用完成的，即不仅在空间上存在脑区协同，在时间上存在着动态变化特性。本报告拟从主讲人：大脑在外界刺激时产生的脑功能激活和脑霞教授功能网络变化出发，通过构建大脑时-空共北京师范大学变模式的算法模型，实现大脑功能活动过研究方向：脑智计算程的精确刻画，并进一步引入更具有泛化能力的模型框架，有望为个性化的大脑活主持人：,主讲人：
38,"
                        讲座：端到端自动驾驶算法设计思考",Speaker:陈立,时间：3月3日午12：00-13：30,参与方式：Bilibili直播间22797301,上海交通大学,https://www.cs.sjtu.edu.cn/NewNoticeDetail.aspx?id=492,"
                    发布时间：2023-03-02",,Speaker:陈立
39,"
                        讲座：大语言模型及前沿应用：ChatGPT",上海交通大学计算机科学与工程系教授、博士生导师。研,时间：3月10日午12：00-13：30,参与方式：Bilibili直播间22797301,上海交通大学,https://www.cs.sjtu.edu.cn/NewNoticeDetail.aspx?id=493,"
                    发布时间：2023-03-09",,上海交通大学计算机科学与工程系教授、博士生导师。研
40,"
                        讲座：阿里云的云计算数据中心软硬件问题与基础软件前沿技术",主讲人：李三红,时间：3/1712:00-13:00,参与方式：Billibili直播间22797301,上海交通大学,https://www.cs.sjtu.edu.cn/NewNoticeDetail.aspx?id=494,"
                    发布时间：2023-03-14",Abstract云计算的快速普及不断推动着信息技术的快速发展，从异构算力的支持到全新计算模型的引入，都对数据中心软硬件技术提出了新的挑战。本报告从基算领域的实践，介绍其在基础软件领域需要探索的前沿技术（包括软硬件协同的全栈优化、资源弹性计算和数据安全与隐私的机密计算等）。随着国家基础软件战略的不断深入爱展，阿单云在本领域的探索会提供宝贵价值，我们也希,主讲人：李三红
41,"
                        讲座：Stochastic Cumulative DNN Inference for Intelligent IoT Applications",Professor,. Talk Time:,• Location:,上海交通大学,https://www.cs.sjtu.edu.cn/NewNoticeDetail.aspx?id=495,"
                    发布时间：2023-03-15",Abstract:Artificial intelligence models will continue to be per-vasivelydeployedtosupportdiverseintelligentInter-,"Bio:Weihua Zhuang is a University Professor and a TierICanada Research Chair in Wireless CommunicationNetworks at University of Waterloo,Canada.Her research focuses on network architecture,algorithms• Location:and protocols,andserviceprovisioning infuture com-municationsystems.ShewastheEditor-in-Chief oftheIEEETransactionsonVehicularTechnologyfrom20o7to2013,GeneralCo-Chairof2021IEEE/CICInterna-SEIEEtionalConferenceonCommunicationsinChina (iccC)TechnicalProgramChair/Co-Chairof2017/2016IEEE3-412VTc Fall,and Technical Program Symposia Chair of2o11IEEEGlobecom.Sheisanelectedmemberof theBoard of Governors andthe President of the IEEE Vehicular Technology Society. Dr. Zhuang is a Fellow oftheIEEE,RoyalSocietyofCanada,CanadianAcademy"
42,"
                        讲座：Attacking Machine Learning Models",Host:,Talk Time:,Location:,上海交通大学,https://www.cs.sjtu.edu.cn/NewNoticeDetail.aspx?id=497,"
                    发布时间：2023-03-22","Abstract:Machine learning has made tremendous progressduring the past decade. While improving our dailylives,recent research shows that machine learningmodels are vulnerable to various security and privacyattacks. In this talk, I will cover our three recentworks in this field. First, I will talk about some recentTalk Time:development in membership inference.Second, I willpresent link stealing attacks against graph neuralnetworks.In the end, I will introduce model hijackingMarch27th","Bio:Location:Yang Zhang (https://yangzhangalmo.github.io/) is afaculty member at CiSPA Helmholtz Center for Infor-SEIEEmation Security,Germany.His research concentrates3-412on trustworthy machine learning.Moreover,he workson measuring and understanding misinformation and"
43,"
                        讲座：Adaptive and Effective Fuzzing: a Data-driven Approach",Speaker:,时间：3/2412:00-13:00,参与方式：Bilibili直播间22797301,上海交通大学,https://www.cs.sjtu.edu.cn/NewNoticeDetail.aspx?id=499,"
                    发布时间：2023-03-23","AbstractSecurity vulnerabilities significantly impact our daily lives, from ransomware attackscosting billions of dollars yearly to confidential data leakage in government, military andindustry. Fuzzing is a popular automated technique to catch these vulnerabilities inreal-world programs.Despite thewide application in industry, existing fuzzers heavilyrely on rule-based designs (i.e., incorporating a set of static rules and heuristics). Thesefixed rules and heuristics often fail on diverse programs, severely limiting fuzzing",Speaker:
44,"
                        讲座：推荐系统的公平性问题",主讲人：曹健,时间：2023/03/3112:00-13:00,参与方式：Bilibili直播间22797301,上海交通大学,https://www.cs.sjtu.edu.cn/NewNoticeDetail.aspx?id=501,"
                    发布时间：2023-03-28",Abstract推荐系统已经广泛应用于各个行业。推荐系统在提高个性化满意程度的同时，也会带来其他间题。其中，推荐结果的公平性就是需要关注的一个重要指标。报告中将对推荐不公平的来源，公平性的分类，公平性的保障方法，推荐系统公平,主讲人：曹健
45,"
                        讲座：图论与组合问题的机器学习求解",Speaker：严峻驰,品时间：4月7日午12：00-13：30,参与方式：Bilibili直播间22797301,上海交通大学,https://www.cs.sjtu.edu.cn/NewNoticeDetail.aspx?id=502,"
                    发布时间：2023-04-05",,Speaker：严峻驰
46,"
                        讲座：Towards Splving Low-resource & Multilingual NLP Problems and a Pilot Study with LLMs",,Talk Time:,Location :,上海交通大学,https://www.cs.sjtu.edu.cn/NewNoticeDetail.aspx?id=503,"
                    发布时间：2023-04-05","Abstract:A unique aspect of natural language is that there aremany different languages used in different parts of theworld. Linguistic studies have revealed that there aremore than 6,500 human languages in the world. In addi-tion, new domains are always encountered in real appli-cations. Therefore, low-resource & multilingual NLPproblems are everywhere. In this talk, the presenter willdiscuss a major technique for solving these problems,namely, Data Augmentation. Broadly speaking, all solv-ers for low-resource problems are DA-based. DA forfine-grained tasks such as NER is difficult because a","Bio:Lidong Bing (立东) is a research scientist and techni-cal director at Alibaba DAMO Academy, SingaporeOffice, where he is leading the multilingual NLP team ofthe Language Technology Lab. The team is working ona variety of NLP research and development projectsthat are tightly aligned with the globalization of AlibabaLocation :in the Southeast Asia region. He received a PhD degreefrom The Chinese University of Hong Kong and was aSEIEE"
47,"
                        讲座：Adversatial Robustness: Foundations and Applications",,Talk Time:,Location:,上海交通大学,https://www.cs.sjtu.edu.cn/NewNoticeDetail.aspx?id=505,"
                    发布时间：2023-04-09","Abstract:As machine learning (ML) models are reaching accu-racy levels suitable for real-world applications, it iscrucial to recognize that accuracy is not the onlybenchmark that matters. Developers must activelyprepare ML models to be robust enough in the wildagainst any attempts to hack them. However, the MLmodels obtained by standard training (sT) cannothandle adversarial data that are algorithmically gen-erated by adversarial attacks. Adversarial robust-ness aims to improve the robust accuracy of Mlmodels on adversarial data, which can be achieved byadversarial training (AT). Specifically, AT has twopurposes: (1) correctly classify the data (the same assT) and (2) ensure no data fall nearby the decision","Bio:Jingfeng Zhang is a research scientist at the ""Imper-fect Information Learning Team' ’in RIKEN-AIPBefore RIKEN-AIP, he obtained his Ph.D. degree (in2020) at the School of Computing at the National"
48,"
                        讲座：基于光信号的移动端感知",廖子墨，上海交通大学博士四年级，师从吴帆,时间：2023/04/1412:00-13:00,参与方式：Bilibili直播间22797301,上海交通大学,https://www.cs.sjtu.edu.cn/NewNoticeDetail.aspx?id=507,"
                    发布时间：2023-04-12",Abstract随着移动设备的普及，移动设备上的传感器种类渐丰富，利用移动,廖子墨，上海交通大学博士四年级，师从吴帆
49,"
                        讲座：Security and Privacy of Bluetooth Low Energy: Attacks, Lessons Learned, and Future Directions",,Talk Time:,Location:,上海交通大学,https://www.cs.sjtu.edu.cn/NewNoticeDetail.aspx?id=508,"
                    发布时间：2023-04-18","Abstract:Bluetooth Low Energy (BLE) is a commonly used short-rangewireless communication technology for Internet-of-Things (loT)devices. However, recent years have seen numerous securityflaws that have left billions of Bluetooth devices vulnerable toattacks. Despite the discovery of these vulnerabilities, it remainsunclear whether current BLE protocols and implementations are","Bio:Yue Zhang is a Postdoc of Engineering at The Ohio State Univer-sity. His research interests center around System Security, witha focus on Bluetooth Security, and mobile security. He has pub-"
50,"
                        讲座：决策大模型：背景与前沿",张伟楠博士现任上海交通大学计算机系副教授、博士生导,时间：4月21日午12：00-13：30,参与方式：Bilibili直播间22797301,上海交通大学,https://www.cs.sjtu.edu.cn/NewNoticeDetail.aspx?id=510,"
                    发布时间：2023-04-19",,张伟楠博士现任上海交通大学计算机系副教授、博士生导
51,"
                        讲座：通往AI安全之路",大学计算机科学学士和博士学位。2007年获李光耀博士,时间：04/2812:00-13:00,参与方式：Bilibil直播间22797301,上海交通大学,https://www.cs.sjtu.edu.cn/NewNoticeDetail.aspx?id=512,"
                    发布时间：2023-04-25",Abstract神经网络在很多系统里得到了广泛的运用，其中包括很多安全攸关的系统（比如自动驾驶以及人脸识别）。令人担心的是，科学家们发现了很多与神经网络相关的安全问题，比如后门攻击，公平性问题等等。相比传统软件，神经网络上的这些问题更不容易解决，因为人们无从理解神经网络是如何工作的，那我们要怎么才能确保安全攸关的神经网络值得信赖呢？在这个讲座里，我会系统的阐述神经网络安全相关的一系列问题，最新的研,大学计算机科学学士和博士学位。2007年获李光耀博士
52,"
                        讲座：Probabilistic Sports Analytics",Speaker:董劲松,时间：5月5日午12：00-13：30,参与方式：Bilibili直播间22797301,上海交通大学,https://www.cs.sjtu.edu.cn/NewNoticeDetail.aspx?id=513,"
                    发布时间：2023-05-03",,Speaker:董劲松
53,"
                        讲座：Facilitating Software Security  with Program Analysis and Machine Learning",Professor thisfall. He earned hisPh.D.degree at The Ohio State,时间：05/1212:00-13：00,参与方式：Bilibili直播间22797301,上海交通大学,https://www.cs.sjtu.edu.cn/NewNoticeDetail.aspx?id=514,"
                    发布时间：2023-05-10","AbstractSoftwarevulnerabilitiescausebillion-dollar losses eachyear,e.g.,WannaCryransomware in2017causes more than 4 billion dollars losses according to Kaspersky.By exploring thesevulnerabilities,attacker cangain unauthorized accessto computer systems,compromisingsystem integrityandconfidentiality.Therefore,detectingandfixingthese-vulnerabilitiesareofgreat interest.Pastpractices use naivefuzzingtechnigues and manually specifiedpattern-basedmatching to mine these vulnerabilities.More automatic program analysis techniques and",Professor thisfall. He earned hisPh.D.degree at The Ohio State
54,"
                        讲座：超大规模图数据：挑战和机遇",于文渊，阿里色色集团资深技术专蒙，爱丁堡大学博士。阿,时间:2023/05/1912:00-1300,参与方式：Bilibili直播间22797301,上海交通大学,https://www.cs.sjtu.edu.cn/NewNoticeDetail.aspx?id=517,"
                    发布时间：2023-05-17",Abstract图数据用于建模数据之间的关联，在包括互联网、基因工程、社交网络、知识图谱和路网等领域都广泛存在。针对图数据的分析和计算在各个领域也承载了非常关键的应用，例如电商平台利用图分析来做个性化推荐，生物医药工程已经通过图神经网络来帮,于文渊，阿里色色集团资深技术专蒙，爱丁堡大学博士。阿
55,"
                        讲座：Incorporating Diffusion Models into Conditional Text Generation",Speaker：龚珊三,时间：5月26日午12：00-13：30,参与方式：Bilibili直播间22797301,上海交通大学,https://www.cs.sjtu.edu.cn/NewNoticeDetail.aspx?id=518,"
                    发布时间：2023-05-23",,Speaker：龚珊三
56,"
                        讲座：Generalization of Shannon Information",Jun Zhang is with the University of Michigan as a Full Professor of,Talk Time:,Location:,上海交通大学,https://www.cs.sjtu.edu.cn/NewNoticeDetail.aspx?id=521,"
                    发布时间：2023-05-24","Abstract:Shannon' s theory for source and channel coding (and the dualitybetween capacity and rate-distortion) has been the hallmark for in-formation science. Shannon information, and its associated exponential family of probability measures and the Kullback-Leibler di-vergence measuring the difference of any two probability densitieshave found wide applications in statistical inference, machine learn-ing, optimization, etc. Past research in Information Geometrywhichisthe differentialqeometric studyofthemanifoldofprobability models --- have nicely tied together the above concepts into ageometric structure called Hessian manifold,which is dually flat withbiorthogonal coordinates. In this sense,classic information theoryincluding KL divergence and exponential family, are well understood","Bio:Jun Zhang is with the University of Michigan as a Full Professor ofPsychology and of Statistics. He has held visiting positions at theUniversity of Melbourne (Australia), CNRs Marseille (France), Uni-versity of waterloo (Canada), RiKEN Brain Science Institute (Japan),Location:Center for Mathematical Sciences and Applications (CMsA) at Har-"
57,"
                        讲座：Stream Ciphers: Past, Present and Future Directions",丁林，信息工程大学副教授，上海交通大学博士后，全国“博,时间：060212：00-13：00,参与方式：Bilibili直播间22797301,上海交通大学,https://www.cs.sjtu.edu.cn/NewNoticeDetail.aspx?id=522,"
                    发布时间：2023-05-31",Abstract流密码（StreamCipher，也称序列密码）是主流的密码体制之一，因实现简单、加解密速率高、便于软硬件实现、没有或只具有有限的错误传播等特点在政府、军事和外交等领域得到了广泛的应用。本报告将回顾流密码的发展历程，从设计思想、分析方法和实现性能等多个角度对流密码研究现状进行详细介绍，结合最新的研究进展，对流密码的未来发展方向进,丁林，信息工程大学副教授，上海交通大学博士后，全国“博
58,"
                        讲座：Understanding and Hardening Decentralized Systems Security in the Wild",Speaker:,时间：06/0912：00-13：00,参与方式：Bilibili直播间22797301,上海交通大学,https://www.cs.sjtu.edu.cn/NewNoticeDetail.aspx?id=523,"
                    发布时间：2023-06-08","AbstractToday,public blockchains are a multi-trillion-dollar economy.Whilethe existing literature has examinedblockchain security at the consensus-protocol level, the system-level security,namely the security ofcomplex and evolving blockchain software systems indeployment, needs to bebetterunderstood.This is",Speaker:
59,"
                        讲座：Security and Privacy of Bluetooth Low Energy: Attacks, Lessons Learned, and Future Directions",Speaker:,时间：06/1612:00-13：00,参与方式：Bilibili直播间22797301,上海交通大学,https://www.cs.sjtu.edu.cn/NewNoticeDetail.aspx?id=526,"
                    发布时间：2023-06-14","AbstractBluetooth Low Energy (BLE) is a commonlyused short-range wireless communicationtechnologyforInternet-of-Things(loT)devices.However,recentyears have seen/numeroussecurityflawsthathaveleftbillionsofBluetoothdevicesvulnerabletoattacks/Despitethediscovery of these vulnerabilities,it remains unclear whether current BLEprotocolsand",Speaker:
60,"
                        讲座：When Mobile Super Apps Become ""Operating Systems"": The Good, The Bad, and The Ugly",Bio:Dr.Zhigiang Linis a DistinguishedProfessor of Engineering and,Talk Time:,Location:,上海交通大学,https://www.cs.sjtu.edu.cn/NewNoticeDetail.aspx?id=528,"
                    发布时间：2023-06-14","AbstractMobile super apps like wechat have rapidly evoved, transforming intocomprehensive platforms that offer a myriad of services under onedigital roof. This development has gained widespread popularity, fundamentally altering our digital landscape. However, the growth ofsuper apps carries with it a series of positive and negative implica-tions. In this talk, Dr. Lin will offer an incisive exploration of this fascinating dynamic, analyzing the evolution of super apps into 'operating","Bio:Dr.Zhigiang Linis a DistinguishedProfessor of Engineering andLocation:the Directorofthe Institute for Cybersecurity and Digital Trust (icDT)at The Ohio State University. His research is primarily focused on sys-tems and software security, with an emphasis on (1j the developmentSEIEEof automated binary analysis techniques for vulnerability discovery3-414and maware analysis, (2) strengthening systems and software viabinarycoderewriting,virtualization,andtrustedexecutionenvironments, and (3) applying these techniques across Mobile, loT, Blue-tooth, and Connected and Autonomous Vehicles domains. He has pub-lished over 140 papers, many of which have been featured in top-tierofmobile super app security.leadingtothediscoveryofnumerous se-curity vulnerabilities in the Wechat ecosystem (currently his team isranked#3worldwideinTencent'sSecurityHallofFame).Dr.LinisanAcmDistinguishedMember andhasbeenhonoredwiththe HarrisonFaculty Award for Excellence in Engineering Education, the NsFCAREER Award, the AFOSR Young Investigator Award, and the Out-standing Faculty Teaching Award. He earned his Ph.D. in ComputerScience from Purdue University"
